sid,doc,exit_transition,data_return_export,financing_alternative,buyer_consent_to_changes,T1_variation_control.code,T2_buyer_exit_right.code,T3_data_return.code,T4_buyer_financing_alternative.code,T5_continuity_transition.code
S01,ocds-9t57fa-163670__6ae7d866-364a-4eb0-bdaa-baf7e0c6505a,none,none,none,only_via_GCC,silent,convenience,none,none,none
S02,ocds-9t57fa-164154__8729da97-5a34-49e4-9135-0eaf33e2eb6e,,,,,not_readable,not_readable,not_readable,not_readable,not_readable
S03,ocds-9t57fa-137490__6f774c64-07b1-4b54-97c4-63160b6bdff5,,,,,not_readable,not_readable,not_readable,not_readable,not_readable
S04,ocds-9t57fa-162402__2d3e69f8-e943-4177-9b85-3a9406e42730,none,none,none,silent,silent,silent,none,none,none
S05,ocds-9t57fa-87688__906e56f5-0b18-46fb-91e5-58411baa6606,,,,,mutual_written_variation,cause_only,none,none,none
S06,ocds-9t57fa-79354__f1a3f28d-a3c2-460f-94bb-debc08f729b4,none,none,none,only_via_GCC,silent,cause_only,none,none,none
S07,ocds-9t57fa-106857__15c5bb8c-8d2e-4024-a768-a6318177a2fd,none,specified,none,only_via_GCC,mutual_written_variation,cause_only,mentioned,none,none
S08,ocds-9t57fa-54848__77b33fac-6a2c-400d-8ec4-27c1a4d3af5b,mentioned,none,mentioned,only_via_GCC,mutual_written_variation,cause_only,none,none,none
S09,ocds-9t57fa-169918__56498da4-6eed-4cdf-a0e4-0ae6016003ec,mentioned,none,none,only_via_GCC,silent,cause_only,none,none,none
S10,ocds-9t57fa-94541__b87fd403-6566-4c4e-b510-aeac21e7bd16,mentioned,none,none,only_via_GCC,silent,conditional,none,none,mentioned
S11,ocds-9t57fa-138725__7859bbc5-f011-4ee4-8443-18174ca7aa3e,none,none,none,silent,mutual_written_variation,silent,none,none,none
S12,ocds-9t57fa-153377__e9804c9a-71fb-41ec-8820-afa86c6d06e1,mentioned,none,mentioned,silent,silent,silent,none,none,none
S13,ocds-9t57fa-66210__2b7b0aa3-46da-454a-a948-a7a67773dd74,,,,,not_readable,not_readable,not_readable,not_readable,not_readable
S14,ocds-9t57fa-46270__36fa61ae-bd56-4baf-8ec7-063ac7c96d5c,mentioned,none,mentioned,silent,buyer_approval_of_supplier_changes,cause_only,none,none,none
S15,ocds-9t57fa-87012__75fc77c3-1b36-48a5-baa1-f31af4dffef3,,,,,not_readable,not_readable,not_readable,not_readable,not_readable
S16,ocds-9t57fa-158978__fec89d0f-fdf6-4c1b-9ecb-5cc15f6e0bec,,,,,not_readable,not_readable,not_readable,not_readable,not_readable
S17,ocds-9t57fa-126943__39984b7e-7c5d-41e9-813b-d0f1c8e1f28e,mentioned,none,mentioned,only_via_GCC,mutual_written_variation,conditional,none,none,none
S18,ocds-9t57fa-88068__81aebf4d-a548-40fe-9545-1061c2560021,none,none,none,only_via_GCC,silent,silent,none,none,none
S19,ocds-9t57fa-170040__9d3c4bef-e806-4006-b4c1-0a6cbe4093f1,none,none,none,only_via_GCC,silent,cause_only,none,none,none
S20,ocds-9t57fa-170703__3c48810d-d530-4503-bf07-7104c0b444e3,mentioned,none,none,required_own_text,mutual_written_variation,cause_only,none,none,mentioned
