doc,literal_match,whitespace_normalized_match,extracted_text_sha256
ocds-9t57fa-100150__722b194e-43e6-4869-a510-4cb7fb309bfd,True,True,b42102e45b6ff58f25ede73a63a3d5b4948d37fd27838b2842801d2256d010a6
ocds-9t57fa-100222__fa1e4a6f-8c9f-4efc-8409-342121589e50,True,True,116c210238473bb4d4aaa92864cff8342a421ab95827ac19661d12ed3b489431
ocds-9t57fa-100276__9eb96caa-d974-48d6-a4aa-c6cb5803cbc7,False,True,b3fa0977afcdfefd2477fb1c73741e51f7af217ac91c8379a13fcb5aa85627f9
ocds-9t57fa-101825__47c3120e-629f-4a33-a297-c2786fe77397,False,False,695456f8267d3355d7f852ad9dd02e451ac85ece2e1c9b3900b8c4b679172ef9
ocds-9t57fa-103113__db0221c4-1c21-4cd4-b268-26d0de64a4af,False,True,6f0bff077d34a204f6592a2df404393341528fd5d1450ef7e2c33cf3632eeca4
ocds-9t57fa-106662__3307d55e-17e5-48f9-a869-625d7bef4fb4,True,True,b606ed65ecc040f005f388651434d8459d5965d12459210d2e91eacdb3978e4c
ocds-9t57fa-106770__af8053e3-a8a6-4cd9-bb6f-63c403133db9,True,True,92419622ca3d4a144099e577826de0050db5b9f8c1af5cdc8976f42916c8d620
ocds-9t57fa-106857__15c5bb8c-8d2e-4024-a768-a6318177a2fd,True,True,e0386b4b9be3de36be5768e17dcd9c260e9013e6a175cafc2fef591207c938d9
ocds-9t57fa-107661__5dd24daa-da52-47f5-b02c-a30ec5688d19,True,True,c8360ea06a4ca41509b42fc0d673e764160d13b2821115bc866a3a2ded203454
ocds-9t57fa-111196__bfd5349e-1418-4338-8212-042aaf9ec550,True,True,b42102e45b6ff58f25ede73a63a3d5b4948d37fd27838b2842801d2256d010a6
ocds-9t57fa-111870__78968c2d-93c1-4ac5-bb03-61e2729a8d14,True,True,abc6098b14cf6a219f86244555cad6bc1a90db7e2c71e185f497d39c5c3ae528
ocds-9t57fa-113324__e50cb02d-b772-4942-9a7c-caacc8041a66,False,False,bc15d44223ac64b09ac796cc0c01300d4268f554b1e489c6507124a9ac17af97
ocds-9t57fa-116088__58e2f4dd-9408-4cff-a915-cbf2c14e7e87,True,True,1feecaf17491b015ff8266ad57c64a7ca50defa5900b0942af6503ff8a24c814
ocds-9t57fa-116094__0460f39f-ddcb-49c5-b347-b0afd51d16a7,True,True,398cede459420e6fd8f1b831bb824ffe01786ddd6616463f0b7e9a64b14e0231
ocds-9t57fa-120566__472c6e85-ba39-4255-a1d0-fe7c67e041e7,True,True,ce104717e285f39d0f1d2549918c313d429e09eac6f697b63e410eaca883de1c
ocds-9t57fa-120898__374f9470-c4b1-4ecd-9dc7-ec633710b537,False,False,028789026ed700c59199aac0e2c051cfbdb9921f0420742c6efe1223fe969130
ocds-9t57fa-121723__8f6ee3a8-da6c-4778-bea8-bcc0798be33a,True,True,18941ea6c04d9bb0481a8aa90989a84056a9802c3cd68484341ddca54f35af5e
ocds-9t57fa-122452__d39b3677-d156-4c3c-b82d-a575ff5cf727,True,True,74b2e661d8e128187e1c84961b332acdbcf593bb8ad251649f5365dfc27a8ba3
ocds-9t57fa-125647__087ff810-c80b-43ca-bd7f-0caafa4565c8,False,False,84cce1d0fce95df694e05ee90340532455d0d5b530646550bdbf135f546ca873
ocds-9t57fa-126943__39984b7e-7c5d-41e9-813b-d0f1c8e1f28e,True,True,0d2f8de4c4f25ec54ae3d715886bc257f81d7806223423ea5966ebcb97752954
ocds-9t57fa-129832__569cc4af-efd6-40ca-a74c-7e5579de0be0,True,True,5a9034516242fcf96fcc985d0f713699ca731c0736b08ef2de0a9db606469ba0
ocds-9t57fa-131706__6dc838eb-9d54-4b7a-9a25-c5fb1b8399e7,False,True,113ad029b41ec55c0ed102dbb1b5cb9883cdf02da1412a5a70daf98623df9da3
ocds-9t57fa-134430__71579932-f7b6-41bd-bf1a-a571e4f4610c,True,True,4729766755ffc9ba01d49c0d47e9910e7e4135d3704cf9f69715eeac6459dbfe
ocds-9t57fa-136571__130d254f-d0e8-4757-9f61-1189b44a7388,True,True,a2d704b396f43818f0a69630bbcd842662709a57ed492877f136d6a590139376
ocds-9t57fa-137212__a35c03ce-4658-4d2c-8956-2a19261086e8,False,False,6c749f81c7ca4df83039f6f38ffb0a23ea3a02ed7137fc46c5f1a27f1daeb440
ocds-9t57fa-138725__7859bbc5-f011-4ee4-8443-18174ca7aa3e,False,False,2c982d65d1d304d2873c9a9b14af21ac835c68de314559a8df0414c6b7b58a93
ocds-9t57fa-153377__e0a589aa-5e28-4dd8-8431-087337d6f198,True,True,a8c2e861dac04ad3c594611f5f629ad298897d5e5c326367293633499a643a81
ocds-9t57fa-153377__e9804c9a-71fb-41ec-8820-afa86c6d06e1,False,False,9b7f4bf32dfe1b416871bf664deb45c04125919199e3665cbb6fa49474d350f3
ocds-9t57fa-155594__e10589fc-c2b3-44a0-bbec-12c8513ca6fa,False,False,d142d7c8e39497602fc02497483f960bfa898382f839aa7c1478a0f560f9b158
ocds-9t57fa-156281__bb9ace38-2e74-4798-8aa8-1b677cb4d35a,True,True,1dfb7fa6ba390d022ef978a75f0ccb73588800aca9943052dd05ddf0f0137bd5
ocds-9t57fa-158999__75edb7aa-8b7c-4713-b6cf-39d3b6906d83,True,True,06c5eb4c3ffec108a8857307918daa3212865c2b68a6771815d55f9804c4bb9e
ocds-9t57fa-159683__3a5d4ec6-96c1-45ab-b074-065adc763899,True,True,78b91847336827669f052c9aac572c611130710be84a88242e58e9977d2118de
ocds-9t57fa-162250__a1feda18-88eb-43b9-938f-6ead3bea60d1,False,False,194967d30336399dea2d0f2fb7f888cb64686f10b1cedc10f42247ac37d3df0a
ocds-9t57fa-162662__461cd6e7-69ee-4600-9d3c-bcfac7e0d0ff,False,False,a3cce38bce2bdbfcd7efa2bc11b379ad40b9e9206f28bf91061ea63b9f7aa096
ocds-9t57fa-162692__8deb6de4-b7fc-409c-9002-a3269d730108,True,True,cc713b5448bac48245a70cef68ed990e2973bc0123129fefcdcaaff5dc84cb1c
ocds-9t57fa-163670__6ae7d866-364a-4eb0-bdaa-baf7e0c6505a,True,True,634bb2770142d1a729c44541c1110aff64516cdc256165c383c96fd2e357a013
ocds-9t57fa-165025__ea9ad382-fbd4-4e32-a86a-4e56f331b16b,True,True,3bcc4b819c4057d24cfb05f9fb02ec30871560d940bc3acb50164fec900daef0
ocds-9t57fa-166435__14d2d384-7d0d-4af0-9b20-56cfdefcb86a,True,True,023d9022e5798cb0624d6863bd14e3970647d5781e927b86613aca20efe018c9
ocds-9t57fa-169918__56498da4-6eed-4cdf-a0e4-0ae6016003ec,True,True,aacfb5fc42f6ffa1651317b04b673e39f8b6d7b354772ac8e96491f4d703bc0e
ocds-9t57fa-170040__9d3c4bef-e806-4006-b4c1-0a6cbe4093f1,True,True,34821f0ca320f39fb4c885b9279415a495bf4ef6d6cc6fcbd119f2eedf574019
ocds-9t57fa-170555__33635523-5046-48f2-bf51-3310a53cb299,True,True,1e30cd08a82c81db2e145d559bc65cd585c31d99660ac1d72b4eed912bbcadad
ocds-9t57fa-170703__3c48810d-d530-4503-bf07-7104c0b444e3,True,True,9ae2b969ff600af0663c8fd2631944b4ecc29f7fb1e3c07100820a0229c1a48a
ocds-9t57fa-46270__36fa61ae-bd56-4baf-8ec7-063ac7c96d5c,False,False,1aaa3624388b16ef20cd9202870c8484867905c67ce152a2ecb8939b0f2408d5
ocds-9t57fa-49147__5ac95a70-a998-4dfa-984d-1517a5cd740a,False,False,544729dd7ccbea011532aa803fd0b56cb4f92b4cc0934e674b4958745ff77a02
ocds-9t57fa-49296__ff32cb9d-1719-4860-869a-764ad374fa56,False,False,f4af117f81d0f720e73fd08e22570eeea179b43afd932166aceaf316e394ae84
ocds-9t57fa-52447__fc179ca2-fece-4043-8eeb-1f01c4042200,False,False,7cf62fc55eed431029f1dcbf00f2306287bda5fa5ad0fdc78fbe4e6c723b70d2
ocds-9t57fa-54848__77b33fac-6a2c-400d-8ec4-27c1a4d3af5b,True,True,b53503d389de103b496c7f4e3075bd0a3b610735397db6d485a8e7707216cecf
ocds-9t57fa-56585__21b8d340-9049-42e6-98ab-48b01326c00c,True,True,51ccce620f49e2d9f059a7b02348dfc9439d0da29bf4af3074b6a1c9b532ec9c
ocds-9t57fa-57546__9fa82c48-486b-4034-bb48-fff19c1ed6ee,True,True,e05a3e67f2460dade12b6e42d795e6055db51c5adb87f75a7f300da68ee75b2b
ocds-9t57fa-57648__dd5c1f37-3968-49ed-8380-bc39217ef31d,True,True,24f9d31210e53a959916f8abb066cd0013ca9066aaa23377c3c427bc7375b9eb
ocds-9t57fa-60323__1db97644-7be1-4ed6-9619-8186d00cdeb5,False,False,73f5a23fd44a5cb15aa86d686ed56ccd8876db8a3aabf46d65664050b0c9e722
ocds-9t57fa-60965__f89c7c5b-ae3c-4f62-a3f3-239d30f83c3e,True,True,fb7afb227790d89f783e664f98702270d14a4b342e94d542a6626f8eaa8c6480
ocds-9t57fa-61647__dc96222a-1c2e-4714-8891-3380d3245c7c,True,True,8061c037753d849d74ad0c14fb9915a6bbcd615200d3fef66db238f176010662
ocds-9t57fa-62176__65b745a7-fdf7-421a-a798-ef06183c5f34,True,True,8e850d0d9fac8cb8aab5745f6433beded9688d0ffb3130b4c7d633a124a3545f
ocds-9t57fa-62712__e7ecd344-2e01-4813-89a7-5c9047a471f0,False,False,f94f9712bc9b540e6656469cba76f8c39ef2facf34851f374c118ed0c84d9b9c
ocds-9t57fa-62732__63c6ac4a-a912-4587-aae2-366122e05f1e,False,False,97bb92244b9142b46a8fb23b12174c11cb702ce9537b6be2870c16b2abff4b1e
ocds-9t57fa-67959__d716280d-d9b0-403d-8f46-93f4c15496c3,False,False,3a91caf8c922f6c31553280ba8234fabf484b5d3e87f59068b54e472e78356c0
ocds-9t57fa-68844__eaf204b3-2070-4c45-a915-7a5c6df2bd71,True,True,f18866f052146a075ef2cd13c30b9ddeb4cff1de6fd65498d353b09c7a8da268
ocds-9t57fa-70715__dd44ede8-e4a7-4ad8-8bc8-3a79db7c36d1,True,True,98e4b9729a0cd5e198a407491424676016db4a081003bef2c47b01506f796bd3
ocds-9t57fa-72692__e273688f-281f-40ef-a09c-53f61267a380,True,True,2841edc9387a94b0725831a520fe463378f8db00050dd061a3896dd1b91e8fbf
ocds-9t57fa-72896__66c0fed3-6d58-4710-a491-7fcb520b2194,True,True,5bf85bd4fc2746f0fe09be8c68c4e63124b407bf958e9725258593ce30b48a6b
ocds-9t57fa-74444__e4e09595-0c4c-49c6-bc3c-080e10ea615b,False,False,adb09d94f6aff58b8f5665e8fd323fb623667577a18652f690574043fad45fa0
ocds-9t57fa-79122__1d04d1e9-14ee-4324-beb7-03c6ac5d66ec,True,True,4c0b15b0448a22d56636bfe810d048a3c5600b58bda47b82ea6604efbfceb7de
ocds-9t57fa-79560__8a076a66-7028-4d43-aa01-79c6d9f76a0b,True,True,5401cbc6affab224dbe3b8002d1b5e4a50466b05608f428adea1ca9d1af2a647
ocds-9t57fa-80910__c09aae86-8b68-4578-bf39-89de7c0e59d4,True,True,d83f60c7d8b6f8a28d3702f86b8bf4e3fccbab8d72b9cd82488cd57a93c38ef9
ocds-9t57fa-82174__7a2b5b85-1046-45c7-9770-1f845716f51e,False,False,5b449b209c215d9978c8e4ed34aad1fe5703e0399e116cb0de1748646d8836d3
ocds-9t57fa-83570__6edb33e9-2c5b-409a-aeb4-53ef900ae912,True,True,4f31cee5e032ee0e73d3060358cabf6248602ba89f39c6a19fd2bda81d8c8089
ocds-9t57fa-85803__e7f756e4-dc02-4939-b8eb-22faffcc3233,True,True,b6febedecbf93f376f9866534098ebec70b4ab619e2af7d222f3aeb64030b1b7
ocds-9t57fa-87688__906e56f5-0b18-46fb-91e5-58411baa6606,True,True,3cfbd8fc17071cb33e025f0ef2db74d9f71ba9f02cbc48dba73b1b7469f63042
ocds-9t57fa-88022__348b6a31-eacd-4fcf-a35b-171a86007ff1,True,True,91d915a90a5668bfc6997c0a69297a72fc3c27d3d7f8ef1feea6d993d5eead7b
ocds-9t57fa-88907__5982fc74-f0ad-4b33-a5f4-5d3ef7ec4bac,True,True,f7005a7c46deb708a42f3ebd1b8d0bb4d82f9e8f3a2aa3d644ec24a5f8ee1149
ocds-9t57fa-89408__55668f69-aabd-4c05-b626-f2492fc6cd73,True,True,fee081a869e603d76d7b7e8d1adf8769e3ecd030e886b8acf30f4fac1e5a4348
ocds-9t57fa-90087__32782b2f-f717-433f-ab15-985322734627,True,True,0eb2d7ae344794464f15a6d6dffc31a068fb8a02869bab76bd4233b63b165b2b
ocds-9t57fa-90301__adf2a3e1-2f56-497a-b103-b81c2795593b,False,False,d5bd7c2e91a568a89ebaacd00d20e25bfc0b47b14049f85884bb9884659d0662
ocds-9t57fa-93318__2d062900-cc02-4595-b670-11668d1ee7f3,True,True,dec9ddadd16ea7f4ad6702ca89b69acab8b88df649da680ef0fa946b0e4442e6
ocds-9t57fa-93341__b1cc00d7-d9ad-4d46-83b3-00a206ebad4b,False,False,3e6b48eb039439fed61ca36d12383de8cd280ab79c1d2365557e1ad0a5be8c20
ocds-9t57fa-93522__f7044a65-fdb1-443d-8e86-0224ae712638,False,False,5ba63b9726fa68895dbfd8c722beb4cc7cd39c6e98cc646c067ba3684f33826b
ocds-9t57fa-94096__4fb4a240-2f53-4cd1-9b05-1f9d3538f6d7,True,True,ad6a042dc97ffce249cae8fb8bd99658475142b4083e065d1d4fd038fe03a24d
ocds-9t57fa-94541__b87fd403-6566-4c4e-b510-aeac21e7bd16,True,True,c784f9bfd025c40322fca895baecfd59dcbb8878fb9bcb17898a6b8b3ec66a58
ocds-9t57fa-94596__e4967c99-72e7-4543-b296-32b97899d6d3,False,False,66045959f84a592aa24734d0574f363ff7e205165a7e5f31c6b0883244557715
ocds-9t57fa-97942__0dc135a2-b959-4943-8e5d-85f7e9a718db,True,True,ef74fb1e1cf332a25db83532e3a3b2029176a74c72c0e2c91f45c263aa209989
ocds-9t57fa-99559__ab6ea0e0-df8a-40c6-8653-0189bcf0ee8e,False,False,7f653245dc579540b52510a2cf893fbf3d479febec030dd369fbd8672fff1c9d
