doc,relevant,relevance_note,T1_variation_control.code,T1_variation_control.route,T1_variation_control.subcodes,T1_variation_control.quote,T1_variation_control.locator,T1_variation_control.quote_ok,T1_variation_control.quote_fuzzy,T2_buyer_exit_right.code,T2_buyer_exit_right.route,T2_buyer_exit_right.subcodes,T2_buyer_exit_right.quote,T2_buyer_exit_right.locator,T2_buyer_exit_right.quote_ok,T2_buyer_exit_right.quote_fuzzy,T3_data_return.code,T3_data_return.route,T3_data_return.subcodes,T3_data_return.quote,T3_data_return.locator,T3_data_return.quote_ok,T3_data_return.quote_fuzzy,T4_buyer_financing_alternative.code,T4_buyer_financing_alternative.route,T4_buyer_financing_alternative.subcodes,T4_buyer_financing_alternative.quote,T4_buyer_financing_alternative.locator,T4_buyer_financing_alternative.quote_ok,T4_buyer_financing_alternative.quote_fuzzy,T5_continuity_transition.code,T5_continuity_transition.route,T5_continuity_transition.subcodes,T5_continuity_transition.quote,T5_continuity_transition.locator,T5_continuity_transition.quote_ok,T5_continuity_transition.quote_fuzzy
ocds-9t57fa-100150__722b194e-43e6-4869-a510-4cb7fb309bfd,True,Procurement of an automated offsite backup service for BANKSETA’s Microsoft cloud services and endpoints.,mutual_written_variation,own_text,,"No agreement to amend or vary a contract or order or the conditions, stipulations or provisions thereof shall be valid and of any force and effect unless such agreement to amend or vary is entered into in writing and signed by the contracting parties.","Special Conditions 11.2, p. 44",True,,cause_only,own_text,,(c)    cancel the contract and claim any damages which it has suffered as a result of having to make less favourable arrangements due to such cancellation.,"SBD 6.1, clause 6.8(iv)(c), p. 30; applies to fraudulent preference claims or unfulfilled contract conditions",True,,none,none,documents_only,,,,,none,none,,,,,,specified,own_text,outbound_transition;handover_only,"On termination of this agreement, the contractor shall, on demand hand over all documentation provided as part of the project and all deliverables, etc., without the right of retention, to BANKSETA.","Special Conditions 11.1, p. 44",True,
ocds-9t57fa-100219__3c8b74c3-8621-4355-8ef8-19f3e7e46edb,False,"The RFQ procures AWS cloud training for one delegate, not an AI, cloud-hosting, or software service.",silent,none,,,,,,cause_only,reproduced_in_pack,,(c) cancel the contract and claim any damages which it has suffered as a result of having to make less favourable arrangements due to such cancellation;,"SBD 6.1, paragraph 4.6(iv)(c), page 13",True,,none,none,,,,,,none,none,,,,,,none,none,,,,,
ocds-9t57fa-100222__fa1e4a6f-8c9f-4efc-8409-342121589e50,True,"The tender procures cloud hosting, backup, disaster recovery and software licences. Huawei Cloud is the existing platform; the pack does not make its platform terms applicable to MDB.",mutual_written_variation,own_text,,Any amendment or waiving of the stipulations of the SLA must occur in writing by mutual consent between the MDB and the successful bidder.,"Terms of Reference, clause 12.1",True,,cause_only,reproduced_in_pack,,"The purchaser, without prejudice to any other remedy for breach of contract, by written notice of default sent to the supplier, may terminate this contract in whole or in part:","Annexure A, General Conditions of Contract, clause 23.1",False,93.0,none,none,documents_only,,,,,none,none,,,,,,none,none,,,,,
ocds-9t57fa-100276__9eb96caa-d974-48d6-a4aa-c6cb5803cbc7,True,The tender procures management of SANBI’s existing Microsoft Azure cloud services.,silent,none,,,,,,cause_only,own_text,,To disqualify a tender or cancel any subsequent contracts should it be found that: − Information was omitted that should have been disclosed,"Section 5.2, p. 21",True,,none,none,,,,,,none,none,,,,,,none,none,,,,,
ocds-9t57fa-101825__47c3120e-629f-4a33-a297-c2786fe77397,True,The RFP seeks providers of cloud hosting services. The supplied page contains no operative contract clauses.,silent,none,,,,,,silent,none,,,,,,none,none,,,,,,none,none,,,,,,none,none,,,,,
ocds-9t57fa-103113__db0221c4-1c21-4cd4-b268-26d0de64a4af,True,"Tender for management of SANBI’s existing Microsoft Azure cloud environment. Microsoft Azure is named, but the pack does not make its platform terms applicable to SANBI.",silent,none,,,,,,cause_only,own_text,,"To disqualify a tender or cancel any subsequent contracts should it be found that:
      − Information was omitted that should have been disclosed","Section 5.2, p. 21",True,,none,none,,,,,,none,none,,,,,,none,none,,,,,
ocds-9t57fa-106662__3307d55e-17e5-48f9-a869-625d7bef4fb4,True,The tender procures Microsoft 365 subscriptions and configuration of the municipality’s Microsoft 365 tenant.,mutual_written_variation,reproduced_in_pack,,No variation in or modification of the terms of the contract shall be made except by written amendment signed by the parties concerned.,"Printed General Conditions of Contract, clause 18.1, page 24",True,,cause_only,reproduced_in_pack,,"The purchaser, without prejudice to any other remedy for breach of contract, by written notice of default sent to the supplier, may terminate this contract in whole or in part:","Printed General Conditions of Contract, clause 23.1, page 25",True,,none,none,documents_only,,,,,none,none,,,,,,none,none,,,,,
ocds-9t57fa-106770__af8053e3-a8a6-4cd9-bb6f-63c403133db9,True,"Tender for Darktrace or a similar AI cybersecurity monitoring solution, including cloud-hosted email security.",mutual_written_variation,reproduced_in_pack,,shall be valid and of any force unless such agreement to amend or vary is entered into in writing and signed by the contracting parties.,"General Conditions of Contract, clause 34.1, p. 18",True,,cause_only,reproduced_in_pack,,"The purchaser, without prejudice to any other remedy for breach of contract, by written notice of default sent to the supplier, may terminate this contract in whole or in part:","General Conditions of Contract, clause 23.1, p. 16",True,,mentioned,own_text,feature_only,All data retention polices must be able to be fully controlled by the necessary client and can be configured via the systems own built in platforms.,"Technical Specifications, Table 2, item 1.8, p. 29",True,,none,none,,,,,,none,none,,,,,
ocds-9t57fa-106857__15c5bb8c-8d2e-4024-a768-a6318177a2fd,True,"The tender procures email security, continuity and archiving cloud services for 36 months.",mutual_written_variation,reproduced_in_pack,,No variation in or modification of the terms of the contract shall be made except by written amendment signed by the parties concerned.,"Part D, General Conditions of Contract, clause 18.1, p. 19",True,,cause_only,reproduced_in_pack,,"The purchaser, without prejudice to any other remedy for breach of contract, by written notice of default sent to the supplier, may terminate this contract in whole or in part:","Part D, General Conditions of Contract, clause 23.1, p. 20",True,,mentioned,own_text,feature_only,"Comprehensive compliance, E-discovery, and litigation support, including retention, legal hold, case management, and data export.","Part F, Detailed specification, Cloud Archiving, p. 34",True,,none,none,,,,,,none,none,,,,,
ocds-9t57fa-107661__5dd24daa-da52-47f5-b02c-a30ec5688d19,True,Procurement of Microsoft Azure cloud hosting for five years.,silent,none,,,,,,cause_only,reproduced_in_pack,,cancel the contract and claim any damages which it has suffered because of having to make less favourable arrangements due to such cancellation;,"SBD6.1, paragraph 8.8(iv)(c), page 27",True,,none,none,,,,,,none,none,,,,,,none,none,,,,,
ocds-9t57fa-111196__bfd5349e-1418-4338-8212-042aaf9ec550,True,Procurement of an automated offsite backup solution for Microsoft cloud services and BANKSETA endpoints.,mutual_written_variation,own_text,,such agreement to amend or vary is entered into in writing and signed by the contracting parties.,"Special Conditions 11.2, p. 44",True,,cause_only,reproduced_in_pack,,cancel the contract and claim any damages which it has suffered as a result of having to make less favourable arrangements due to such cancellation.,"SBD 6.1, clause 6.8(iv)(c), p. 30; remedy follows fraudulent preference claims or unfulfilled contract conditions",True,,none,none,,,,,,none,none,,,,,,specified,own_text,outbound_transition;handover_only,"On termination of this agreement, the contractor shall, on demand hand over all documentation provided as part of the project and all deliverables, etc., without the right of retention, to BANKSETA.","Special Conditions 11.1, p. 44",True,
ocds-9t57fa-111870__78968c2d-93c1-4ac5-bb03-61e2729a8d14,True,"The tender procures cloud compute, storage and related services for the Data Science branch.",silent,none,,,,,,cause_only,own_text,,Abuse of the supply chain management system is not permitted and may result in termination of the Contract,"C.6, clause 3.4.2, p. 41",True,,specified_end_of_contract,own_text,,"any and all information and data related thereto, shall be immediately handed over to the Purchaser by the Supplier","C.6, clause 5.8.5, p. 43",True,,none,none,,,,,,specified,own_text,continuity_during_change=specified;standby_supplier;outbound_transition=specified;handover_only,The CCT intends to appoint two tenderers - the highest ranked tenderer (the winner) and in addition an standby tenderer for the allocation of work.,"T.2, clause 2.1.5.1, p. 5; C.6, clause 5.8.5, p. 43",True,
ocds-9t57fa-113324__e50cb02d-b772-4942-9a7c-caacc8041a66,True,RFQ for a [platform] Enterprise annual subscription for 150 users.,silent,none,,,,,,cause_only,reproduced_in_pack,,cancel the contract and claim any damages which it has suffered as a result of having to make less favourable arrangements due to such cancellation;,"MBD 6.1, paragraph 4.5(iv)(c), subject to the fraud or unfulfilled-contract-conditions trigger in paragraph 4.5(iv)",True,,none,none,,,,,,none,none,,,,,,none,none,,,,,
ocds-9t57fa-116088__58e2f4dd-9408-4cff-a915-cbf2c14e7e87,True,The tender procures access to AI APIs and platforms and development of bespoke AI products.,silent,none,,,,,,silent,none,,,,,,none,none,,,,,,none,none,,,,,,specified,own_text,continuity_during_change;standby_supplier;outbound_transition,"For Category A & B the CCT intends to appoint a main tenderer - the highest ranked tenderer (the winner) and in addition, one standby tenderer for the allocation of work.","T.2 clause 2.1.5.1, p. 5; C.5 clause 3.3, p. 39",True,
ocds-9t57fa-116094__0460f39f-ddcb-49c5-b347-b0afd51d16a7,True,"Azure Stack HCI infrastructure with Microsoft Azure hybrid-cloud integration is in scope. Microsoft Azure is named, but the pack does not make Microsoft's platform terms applicable to the buyer.",mutual_written_variation,reproduced_in_pack,,No variation in or modification of the terms of the contract shall be made except by written amendment signed by the parties concerned.,"D2, GGDA General Conditions of Contract, clause 15.1, p. 43",True,,cause_only,reproduced_in_pack,,"The client, without prejudice to any other remedy for breach of for default contract, by written notice of default sent to the service provider, may terminate this contract in whole or in part:","D2, GGDA General Conditions of Contract, clause 20.1, p. 44",True,,none,none,,,,,,none,none,,,,,,none,none,,,,,
ocds-9t57fa-120566__472c6e85-ba39-4255-a1d0-fe7c67e041e7,True,"The RFQ procures Checkpoint Cloud Guard security for Microsoft Azure, endpoint licences and related support.",mutual_written_variation,reproduced_in_pack,,No variation in or modification of the terms of the contract shall be made except by written amendment signed by the parties concerned.,"Annexure C, General Conditions of Contract, clause 18.1, p. 27",True,,cause_only,reproduced_in_pack,,"The purchaser, without prejudice to any other remedy for breach of contract, by written notice of default sent to the supplier, may terminate this contract in whole or in part:","Annexure C, General Conditions of Contract, clause 23.1, p. 29",True,,none,none,,,,,,none,none,,,,,,none,none,,,,,
ocds-9t57fa-121723__8f6ee3a8-da6c-4778-bea8-bcc0798be33a,True,"The tender procures Microsoft 365 licences, including OneDrive cloud storage, setup and support.",mutual_written_variation,reproduced_in_pack,,unless such agreement to amend or vary is entered into in writing and signed by the contracting parties.,"General Conditions of Contract, clause 34.1, p. 19",True,,cause_only,reproduced_in_pack,,"The purchaser, without prejudice to any other remedy for breach of contract, by written notice of default sent to the supplier, may terminate this contract in whole or in part:","General Conditions of Contract, clause 23.1, p. 16",True,,none,none,documents_only,,,,,none,none,,,,,,none,none,,,,,
ocds-9t57fa-122452__d39b3677-d156-4c3c-b82d-a575ff5cf727,True,The RFQ seeks 20 annual licences and support for Read AI Enterprise+ Plus.,silent,incorporated_not_seen,,This quotation is subject to the GCC (General Conditions of Contract) and any other special conditions of contract where applicable.,"Page 2, Completion of Quotation/Bid Documents",True,,,,,,,,,,,,,,,,,,,,,,,,,,,,,
ocds-9t57fa-125647__087ff810-c80b-43ca-bd7f-0caafa4565c8,True,"The communication concerns an RFI for AI-driven digital twinning, but contains only procedural clarifications and no contract clauses.",silent,none,,,,,,silent,none,,,,,,none,none,,,,,,none,none,,,,,,none,none,,,,,
ocds-9t57fa-126943__39984b7e-7c5d-41e9-813b-d0f1c8e1f28e,True,"Procurement of Microsoft Azure cloud services, including VM deployment, subscription management and support.",mutual_written_variation,reproduced_in_pack,scope_addition_approval,No variation in or modification of the terms of the contract shall be made except by written amendment signed by the parties concerned.,"Printed GCC, clause 18.1, p. 10",False,91.8,conditional,own_text,,NSG reserves the right to agree to the transfer of contractual obligations to the new supplier under the prevailing conditions of contract or to cancel the contract,"SCC, clauses 15.1–15.2, p. 16",True,,none,none,documents_only,,,,,none,none,,,,,,none,none,,,,,
ocds-9t57fa-129832__569cc4af-efd6-40ca-a74c-7e5579de0be0,True,"RFI for cloud computing services (IaaS, PaaS and SaaS); issued for planning purposes only, with no commitment to purchase.",silent,none,,,,,,silent,none,,,,,,none,none,,,,,,none,none,,,,,,none,none,,,,,
ocds-9t57fa-131706__6dc838eb-9d54-4b7a-9a25-c5fb1b8399e7,True,Tender for management and optimisation of SANBI’s existing Microsoft Azure cloud services. The pack does not state that Microsoft’s own service terms bind SANBI.,silent,none,,,,,,cause_only,own_text,,To disqualify a tender or cancel any subsequent contracts should it be found that: − Information was omitted that should have been disclosed − Factually inaccurate information was provided and/or − That a misrepresentation of facts has occurred.,"Section 5.2, p. 21",True,,none,none,,,,,,none,none,,,,,,none,none,,,,,
ocds-9t57fa-134430__71579932-f7b6-41bd-bf1a-a571e4f4610c,True,"Procurement of Microsoft Azure cloud services. Microsoft is the named platform, but the pack does not make Microsoft's own terms applicable to the NSG; flow_down=no.",mutual_written_variation,reproduced_in_pack,scope_addition_approval,No variation in or modification of the terms of the contract shall be made except by written amendment signed by the parties concerned.,Printed GCC 18.1; scope additions: ToR 5.5,False,91.8,conditional,own_text,,NSG reserves the right to agree to the transfer of contractual obligations to the new supplier under the prevailing conditions of contract or to cancel the contract,"SCC 15.1–15.2, p. 16",True,,none,none,documents_only,,,,,none,none,,,,,,none,none,,,,,
ocds-9t57fa-136571__130d254f-d0e8-4757-9f61-1189b44a7388,True,"The RFQ is for an Artificial Intelligence Workshop, not a cloud or software service.",silent,none,,,,,,silent,none,,,,,,none,none,,,,,,none,none,,,,,,none,none,,,,,
ocds-9t57fa-137212__a35c03ce-4658-4d2c-8956-2a19261086e8,True,"The addendum identifies a tender for MS 365, Azure and data backups. Only the addendum was provided, not the underlying tender pack.",silent,none,,,,,,silent,none,,,,,,none,none,,,,,,none,none,,,,,,none,none,,,,,
ocds-9t57fa-137324__055dce5c-6a05-4121-a68b-c3bab0215220,False,"The RFQ purchases a five-day Microsoft 365 Endpoint Administrator training course and exam, not an AI, cloud, or software service.",silent,none,,,,,,cause_only,reproduced_in_pack,,cancel a contract awarded to a person if the person committed any corrupt or fraudulent act during the bidding process or the execution of the contract.,"MBD 9, clause 3(c)",True,,none,none,,,,,,none,none,,,,,,none,none,,,,,
ocds-9t57fa-153377__e0a589aa-5e28-4dd8-8431-087337d6f198,True,"The tender procures IaaS, cloud hosting and managed security. It names Microsoft 365 E3 security controls but does not make a platform’s own terms applicable to RSR.",mutual_written_variation,reproduced_in_pack,,No variation in or modification of the terms of the contract shall be made except by written amendment signed by the parties concerned.,"General Conditions of Contract, clause 18.1, p. 41",False,91.8,cause_only,reproduced_in_pack,,"The purchaser, without prejudice to any other remedy for breach of contract, by written notice of default sent to the supplier, may terminate this contract in whole or in part:","General Conditions of Contract, clause 23.1, p. 43",False,93.0,none,none,documents_only,,,,,none,none,,,,,,none,none,,,,,
ocds-9t57fa-153377__e9804c9a-71fb-41ec-8820-afa86c6d06e1,True,The pricing schedule covers cloud hosting and infrastructure-as-a-service.,silent,none,,,,,,silent,none,,,,,,none,none,,,,,,none,none,direction_unclear,,,,,none,none,direction_unclear,,,,
ocds-9t57fa-155594__e10589fc-c2b3-44a0-bbec-12c8513ca6fa,True,"The tender procures an AI and digital-transformation strategy advisory partner, not an AI platform or implementation service. Microsoft 365 [platform] is mentioned as an existing initiative, but no platform terms are made applicable.",silent,none,,,,,,silent,none,,,,,,none,none,,,,,,none,none,,,,,,mentioned,own_text,,"vendor lock in prevention (modular / open architecture), risk sharing, exit clauses;","Section 2, clause 3.4, p. 15",True,
ocds-9t57fa-156281__bb9ace38-2e74-4798-8aa8-1b677cb4d35a,True,"Renewal of Check Point CloudGuard Security for Microsoft Azure and Harmony Endpoint licences, with maintenance and support.",mutual_written_variation,reproduced_in_pack,,No variation in or modification of the terms of the contract shall be made except by written amendment signed by the parties concerned.,"Annexure C, GCC 18.1, p. 26",True,,cause_only,reproduced_in_pack,,"The purchaser, without prejudice to any other remedy for breach of contract, by written notice of default sent to the supplier, may terminate this contract in whole or in part:","Annexure C, GCC 23.1, p. 27",True,,none,none,documents_only,,,,,none,none,,,,,,none,none,,,,,
ocds-9t57fa-158999__75edb7aa-8b7c-4713-b6cf-39d3b6906d83,True,RFQ for an Azure-based private cloud for 24 months. The referenced technical Annexure A was not provided.,silent,none,,,,,,cause_only,own_text,,Cancel the contract and claim any damages which merSETA may suffer by having to make less favourable arrangements after such cancellation.,"Undertaking by Bidder, §7(2)(b), p. 5; applies where supplied information is incorrect or false",True,,none,none,,,,,,none,none,,,,,,none,none,,,,,
ocds-9t57fa-159683__3a5d4ec6-96c1-45ab-b074-065adc763899,True,MT01/2026 procures AWS cloud hosting for GMT systems; the functionality criteria also require an AWS Machine Learning Engineer certification.,mutual_written_variation,reproduced_in_pack,,No variation in or modification of the terms of the contract shall be made except by written amendment signed by the parties concerned.,"GCC 18.1, p. 46",False,91.8,cause_only,reproduced_in_pack,,"The provisions of clauses 8.4 to 8.7 shall not prejudice the right of the purchaser to cancel the contract on account of a breach of the conditions thereof, or to act in terms of Clause 23 of GCC.","GCC 8.8, p. 44",True,,none,none,documents_only,,,,,none,none,,,,,,none,none,,,,,
ocds-9t57fa-162250__a1feda18-88eb-43b9-938f-6ead3bea60d1,True,The price sheet includes M365 [platform] subscriptions and Azure prepayment.,supplier_may_vary_after_award,own_text,,The terms of any extension of credit under this Enrollment may be revised or withdrawn at any time upon Microsoft’s written notice,"Page 9, Delivery and Payment Terms",True,,silent,none,,,,,,none,none,,,,,,none,none,,,,,,none,none,,,,,
ocds-9t57fa-162402__2d3e69f8-e943-4177-9b85-3a9406e42730,False,"This RFQ is for the supply and delivery of laptops and carry bags. The laptops have AI-labelled hardware, but the pack does not procure an AI or AI-bearing cloud or software service.",silent,none,,,,,,silent,none,,,,,,none,none,,,,,,none,none,,,,,,none,none,,,,,
ocds-9t57fa-162662__461cd6e7-69ee-4600-9d3c-bcfac7e0d0ff,True,"The RFQ procures AI training, not an AI or cloud subscription. [platform], [platform] and [platform] are examples in the course outline; the pack does not make their terms applicable to Brand South Africa.",silent,none,,,,,,cause_only,reproduced_in_pack,,cancel the contract and claim any damages which it has suffered as a result of having to make less favourable arrangements due to such,"SBD 6.1, clause 4.6(iv)(c)",True,,none,none,documents_only,,,,,none,none,,,,,,none,none,,,,,
ocds-9t57fa-162692__8deb6de4-b7fc-409c-9002-a3269d730108,True,The RFQ procures 12-month business licences for AI-powered writing and meeting-transcription tools.,silent,none,,,,,,cause_only,reproduced_in_pack,,cancel the contract and claim any damages which it has suffered as a result of having to make less favourable arrangements due to such cancellation;,"SBD 6.1, clause 4.6(iv)(c), p. 17",True,,none,none,,,,,,none,none,,,,,,none,none,,,,,
ocds-9t57fa-163670__6ae7d866-364a-4eb0-bdaa-baf7e0c6505a,True,"The licensing provider will administer and support Microsoft's Enterprise Agreement, including Azure and Office 365 online services.",silent,none,,,,,,convenience,own_text,,"The Department reserves the right to terminate this appointment or temporarily defer the work, or any part thereof, at any stage of completion should the Department decide not to proceed with the tender.","Instructions to Bidders, clause 1.2, page 3",True,,none,none,,,,,,none,none,,,,,,none,none,,,,,
ocds-9t57fa-165025__ea9ad382-fbd4-4e32-a86a-4e56f331b16b,True,"The RFQ procures BI development involving Azure Synapse and cloud-based analytics. QlikView-to-Qlik Sense migration is onto the proposed environment, not an exit from it.",mutual_written_variation,own_text,,"No addition to, variation or agreed cancellation of this agreement shall be of any force or effect unless in writing and signed by or on behalf of the parties.","Section 8, confidentiality and non-disclosure agreement, clause 12.2",True,,cause_only,own_text,,"where it is found that we have made a false declaration or statement in this tender, ACSA may disqualify our bid or terminate a contract we may have with ACSA","Section 6, Declaration",True,,none,none,documents_only,,,,,none,none,,,,,,none,none,,,,,
ocds-9t57fa-166415__cbbecce9-cc9c-4975-9b34-477f1bd1ba01,False,"The RFQ buys training for one employee, not an AI or cloud service. AI-driven insights are mentioned only as a course topic.",silent,none,,,,,,cause_only,reproduced_in_pack,,cancel the contract and claim any damages which it has suffered as a result of having to make less favourable arrangements due to such cancellation;,"SBD 6.1, clause 4.6(iv)(c)",True,,none,none,,,,,,none,none,,,,,,none,none,,,,,
ocds-9t57fa-166435__14d2d384-7d0d-4af0-9b20-56cfdefcb86a,True,"The RFQ seeks enterprise AI platform licences, configuration and support. It names several possible platforms but does not make a platform’s own terms applicable to the NLC.",silent,none,,,,,,cause_only,reproduced_in_pack,,cancel the contract and claim any damages which it has suffered as a result of having to make less favorable arrangements due to such cancellation.,"SBD 6.1, clause 5.4(iv)(c), following the fraud or unfulfilled-contract-conditions trigger",True,,none,none,,,,,,none,none,,,,,,none,none,,,,,
ocds-9t57fa-169918__56498da4-6eed-4cdf-a0e4-0ae6016003ec,True,"The tender covers Microsoft Dynamics 365, Azure Blob Storage and an AI capability for case summaries.",silent,none,,,,,,cause_only,own_text,,"the FAIS Ombud may, in addition to any other legal recourse, which it may have, cancel the contract between the FAIS Ombud and such a person","Tender rules, clauses 17.1–17.9, pp. 9–10",True,,none,none,,,,,,none,none,,,,,,none,none,,,,,
ocds-9t57fa-170040__9d3c4bef-e806-4006-b4c1-0a6cbe4093f1,True,The RFQ seeks 12-month licences for an AI writing assistant and an AI meeting transcription tool.,silent,none,,,,,,cause_only,reproduced_in_pack,,If the specific goals have been claimed or obtained on a fraudulent basis or any of the conditions of contract have not been fulfilled,"SBD 6.1, clause 4.6(iv), p. 17; cancellation remedy at 4.6(iv)(c)",True,,none,none,,,,,,none,none,,,,,,none,none,,,,,
ocds-9t57fa-170555__33635523-5046-48f2-bf51-3310a53cb299,True,The RFQ concerns configuration of identity synchronisation with MHSC’s existing Microsoft 365/Azure AD cloud tenant.,silent,incorporated_not_seen,,This Request for Quotation and any contract emanating from this Request for Quotation are subject to the General Conditions of Contract (GCC) which were revised in July 2010.,"General Conditions of Contract, p. 18",True,,cause_only,own_text,,The MHSC reserves the right to terminate the contract/PO during the first week after work has commenced should the appointed service provider have misrepresented themselves and/or their product,"Standard Terms and Conditions of RFQ, p. 5(e)",True,,none,none,,,,,,none,none,,,,,,none,none,,,,,
ocds-9t57fa-170703__3c48810d-d530-4503-bf07-7104c0b444e3,True,"The procurement is for an ICT and AI-readiness advisory assessment, not for AI tools or cloud implementation.",mutual_written_variation,reproduced_in_pack,,No variation in or modification of the terms of the contract shall be made except by a written amendment signed by the parties concerned.,"Annexure 5, Contract amendments, p. 37",True,,cause_only,reproduced_in_pack,,"The purchaser, without prejudice to any other remedy for breach of contract, by written notice of default sent to the supplier, may terminate this contract in whole or in part:","Annexure 5, Termination for default, p. 38",True,,none,none,documents_only,,,,,none,none,,,,,,mentioned,own_text,direction_unclear,a plan for handover/knowledge transfer.,"Section 4.2, functionality criterion 6, p. 13",True,
ocds-9t57fa-46270__36fa61ae-bd56-4baf-8ec7-063ac7c96d5c,True,"The RFP procures public cloud computing services, predominantly IaaS, for three years. Its mention of an AI voice bot is unrelated to the procured service.",buyer_approval_of_supplier_changes,own_text,,"not accept any changes or purported changes by the Respondent to the bid rates after the closing date and/or after the award of the business, unless the contract specifically provided for it;","Section 2, clause 11.10, p. 9",True,,cause_only,own_text,,"Failure of the Service provider to comply with stated service level requirements will give Transnet the right to cancel the contract in whole, without penalty to Transnet, giving 30 [thirty] calendar days’ notice","Section 4, clause 5(f), p. 25",True,,none,none,,,,,,none,none,,,,,,none,none,,,,,
ocds-9t57fa-49147__5ac95a70-a998-4dfa-984d-1517a5cd740a,True,"RFQ for an annual Amazon AWS S3 storage subscription. AWS is named, but the pack does not make AWS platform terms applicable to the buyer.",silent,none,,,,,,silent,none,,,,,,none,none,,,,,,none,none,,,,,,none,none,,,,,
ocds-9t57fa-49296__ff32cb9d-1719-4860-869a-764ad374fa56,True,Procurement of Microsoft Azure cloud hosting and support services.,silent,none,,,,,,silent,none,,,,,,mentioned,own_text,portability_during_term,The cloud service provider shall allow the QCTO to move data on and off the cloud platforms as needed.,"Section 7.4, p. 10",True,,none,none,,,,,,none,none,,,,,
ocds-9t57fa-52447__fc179ca2-fece-4043-8eeb-1f01c4042200,True,"The invitation seeks a cloud solution provider for Microsoft 365 licensing, cloud services and support.",silent,none,,,,,,silent,none,,,,,,none,none,,,,,,none,none,,,,,,none,none,,,,,
ocds-9t57fa-54734__482df916-dc7a-4d3d-885f-045b04d8041a,False,"This RFQ procures Microsoft Azure training courses and certification exams, not AI, cloud hosting, or software services.",silent,none,,,,,,silent,none,,,,,,none,none,,,,,,none,none,,,,,,none,none,,,,,
ocds-9t57fa-54848__77b33fac-6a2c-400d-8ec4-27c1a4d3af5b,True,"The tender procures cloud hosting and migration for the existing Omada identity and access management solution. Omada, Azure and AWS are named, but the pack does not make their platform terms applicable to the RAF.",mutual_written_variation,reproduced_in_pack,,No variation in or modification of the terms of the contract shall be made except by written amendment signed by the parties concerned.,"Printed General Conditions of Contract (GCC), clause 18.1, p. 34",False,91.8,cause_only,reproduced_in_pack,,"The purchaser, without prejudice to any other remedy for breach of contract, by written notice of default sent to the supplier, may terminate this contract in whole or in part:","Printed GCC, clause 23.1, p. 35",False,93.0,none,none,documents_only,,,,,none,none,,,,,,none,none,,,,,
ocds-9t57fa-56585__21b8d340-9049-42e6-98ab-48b01326c00c,True,Renewal of Microsoft 365 E3 cloud-service licences for 165 users over 36 months.,mutual_written_variation,reproduced_in_pack,,No variation in or modification of the terms of the contract shall be made except by written amendment signed by the parties concerned.,"Annexure VIII, GCC 18.1, p. 44",True,,cause_only,reproduced_in_pack,,"The purchaser, without prejudice to any other remedy for breach of contract, by written notice of default sent to the supplier, may terminate this contract in whole or in part:","Annexure VIII, GCC 23.1, p. 45",True,,none,none,documents_only,,,,,none,none,,,,,,none,none,,,,,
ocds-9t57fa-57546__9fa82c48-486b-4034-bb48-fff19c1ed6ee,True,"The tender covers managed Microsoft 365 and Azure services. Microsoft is the named platform, but the pack does not establish that its own terms apply to the municipality.",buyer_approval_of_supplier_changes,own_text,,Accept the amended price provided that one (1) month written notice was given to the Municipality; or,"Conditions of Tender, section 1 (Prices)",True,,convenience,own_text,,during which Kouga Local Municipality reserves the right to terminate the services of the provider at the sole discretion of the Kouga Local Municipality.,"Pricing Requirements, clause 1.5",True,,none,none,documents_only,,,,,mentioned,own_text,,Call for new Tenders in respect of the particular items concerned or negotiate new prices with alternative suppliers to the exclusion of the Tenderer.,"Conditions of Tender, section 1 (Prices)",True,,none,none,,,,,
ocds-9t57fa-57648__dd5c1f37-3968-49ed-8380-bc39217ef31d,True,The tender procures Microsoft 365 E3 and migration of on-premises Exchange and Active Directory to Exchange Online and Azure.,silent,none,,,,,,cause_only,reproduced_in_pack,,cancel the contract and claim any damages which it has suffered as a result of having to make less favourable arrangements due to such cancellation;,"SBD 6.1, paragraph 4.6(iv)(c), p. 15; paragraph 4.6(iv) limits this remedy to fraudulent claims or unfulfilled contract conditions",True,,none,none,,,,,,none,none,,,,,,none,none,,,,,
ocds-9t57fa-60323__1db97644-7be1-4ed6-9619-8186d00cdeb5,True,The project title expressly includes artificial intelligence capability. This document is only a pre-award tender-validity extension letter.,silent,none,,,,,,silent,none,,,,,,none,none,,,,,,none,none,,,,,,none,none,,,,,
ocds-9t57fa-60965__f89c7c5b-ae3c-4f62-a3f3-239d30f83c3e,True,"Procurement of managed public multicloud services. Cloud platforms are named, but their own terms are not made applicable in the pack.",mutual_written_variation,reproduced_in_pack,,No variation in or modification of the terms of the contract shall be made except by written amendment signed by the parties concerned.,"GCC clause 18.1, pages 41–42",True,,convenience,own_text,,"NSFAS reserves the right to terminate the contract, provided a one (1) month notification is given to the appointed bidder.","Section 6, Contract Period, page 13",True,,none,none,,,,,,none,none,,,,,,none,none,,,,,
ocds-9t57fa-61647__dc96222a-1c2e-4714-8891-3380d3245c7c,True,Tender for migration and hosting of Seda’s IT systems in the cloud; no AI service is specified.,silent,none,,,,,,cause_only,reproduced_in_pack,,cancel the contract and claim any damages which it has suffered as a result of having to make less favourable arrangements due to such cancellation;,"SBD 6.1, clause 4.6(iv)(c), page 18",True,,none,none,,,,,,none,none,,,,,,none,none,,,,,
ocds-9t57fa-62712__e7ecd344-2e01-4813-89a7-5c9047a471f0,True,"Describes SANParks’ Microsoft Azure Integration Services environment. This is a technical environment overview, not a set of contractual conditions. It mentions an existing Microsoft Enterprise Agreement but does not reproduce its terms or state that Microsoft’s platform terms govern this procurement.",silent,none,,,,,,silent,none,,,,,,none,none,,,,,,none,none,,,,,,none,none,,,,,
ocds-9t57fa-67959__d716280d-d9b0-403d-8f46-93f4c15496c3,True,"Office 365 E3 is a cloud software service; the RFQ seeks its supply, activation, renewal and support. No AI service is specified.",silent,none,,,,,,cause_only,own_text,,Successful bidder must be able to deliver the specified goods/services in full. None delivery will result in the cancellation of the purchase order.,"Terms and Conditions, paragraph e",True,,none,none,,,,,,none,none,,,,,,none,none,,,,,
ocds-9t57fa-68844__eaf204b3-2070-4c45-a915-7a5c6df2bd71,True,The tender covers Microsoft 365 licences and support for a cloud-based Microsoft Dynamics 365 ERP solution.,silent,none,,,,,,conditional,own_text,,"The agreement may be terminated by the ECIC if it has reasonable grounds to do so, with not less than 30 days’ prior written notice.","Section 6.3, p. 6",True,,none,none,,,,,,none,none,,,,,,none,none,,,,,
ocds-9t57fa-70715__dd44ede8-e4a7-4ad8-8bc8-3a79db7c36d1,True,"The tender seeks an AI-based chatbot with natural-language processing, alongside the WhatsApp Business Platform.",mutual_written_variation,reproduced_in_pack,,No variation in or modification of the terms of the contract shall be made except by written amendment signed by the parties concerned.,"General Conditions of Contract, clause 4.17.1, page 25",True,,convenience,own_text,,"The CBRTA, if it wishes to terminate the contract, shall be required to give 30 (thirty) days written notice of its intention to terminate the contract.","Bid Conditions, clause 3.31, page 13",True,,none,none,documents_only,,,,,none,none,,,,,,none,none,,,,,
ocds-9t57fa-72692__e273688f-281f-40ef-a09c-53f61267a380,True,The tender seeks a three-year externally hosted SaaS backup and recovery solution for ECDC’s Microsoft 365 data.,silent,none,,,,,,cause_only,own_text,,ECDC may also consider termination of the contract.,"Conditions Specific to this Bid, clauses 9.4–9.6, p. 27",True,,none,none,documents_only,,,,,none,none,,,,,,none,none,,,,,
ocds-9t57fa-72896__66c0fed3-6d58-4710-a491-7fcb520b2194,True,"The RFP procures services for Microsoft Azure DevOps, a cloud software-development platform.",silent,none,,,,,,cause_only,reproduced_in_pack,,cancel the contract and claim any damages which it has suffered as a result of having to make less favourable arrangements due to such cancellation;,"SBD 6.1, clause 6.4(iv)(c), page 19",True,,none,none,,,,,,none,none,,,,,,none,none,,,,,
ocds-9t57fa-74444__e4e09595-0c4c-49c6-bc3c-080e10ea615b,True,"The specified server includes an NVIDIA A100 GPU described as a machine-learning card for data analytics and modelling. This is an AI-relevant hardware purchase, not a cloud or software service.",silent,none,,,,,,silent,none,,,,,,none,none,,,,,,none,none,,,,,,none,none,,,,,
ocds-9t57fa-78135__1ed3cacf-d136-45dd-af77-88530bd66932,False,"The RFQ purchases Azure training for SAWS staff, not an AI system or cloud/software service. AI engineer appears only as a training topic.",silent,none,,,,,,cause_only,reproduced_in_pack,,cancel the contract and claim any damages which it has suffered as a result of having to make less favourable arrangements due to such cancellation;,"Annexure F, SBD 6.1, clause 4.6(iv)(c), page 6",True,,none,none,,,,,,none,none,,,,,,none,none,,,,,
ocds-9t57fa-79122__1d04d1e9-14ee-4324-beb7-03c6ac5d66ec,True,"Procurement of Microsoft 365 E3 licensing, cloud services and support through a Microsoft CSP. The pack does not show whether Microsoft’s own terms apply to ERWAT (flow_down unclear).",mutual_written_variation,reproduced_in_pack,,unless such agreement to amend or vary is entered into in writing and signed by the contracting parties.,"General Conditions of Contract, clause 34.1, p. 57",True,,conditional,own_text,,ERWAT reserve the right to extend or terminate the Support and Maintenance service on or after anniversary of the effective date for the period of this contract.,"Pricing Schedule, Support, p. 20",True,,specified_end_of_contract,own_text,,"Bidders are required to submit to ERWAT all data in a readable, accessible format at the end of their contract.","Notice to Bidders, section 24, p. 11",True,,none,none,,,,,,mentioned,own_text,outbound_transition,Closeout and handover report,"Terms of Reference, section 6.1.1, reporting table, p. 18",False,71.4
ocds-9t57fa-79354__f1a3f28d-a3c2-460f-94bb-debc08f729b4,False,"The RFQ purchases Microsoft Azure training for one employee, not an AI, cloud-hosting, or software service.",silent,none,,,,,,cause_only,reproduced_in_pack,,cancel the contract and claim any damages which it has suffered as a result of having to make less favourable arrangements due to such cancellation;,"SBD 6.1, clause 4.6(iv)(c), p. 18; subject to the fraud or unfulfilled-contract-conditions trigger in clause 4.6(iv)",True,,none,none,,,,,,none,none,,,,,,none,none,,,,,
ocds-9t57fa-79560__8a076a66-7028-4d43-aa01-79c6d9f76a0b,True,"The tender seeks Microsoft 365 Business Premium licences and assistance setting up Microsoft Office 365 hosting, including a cloud option. It does not make Microsoft's own service terms applicable to the municipality (flow_down=no).",mutual_written_variation,reproduced_in_pack,,unless such agreement to amend or vary is entered into in writing and signed by the contracting parties.,"Printed General Conditions of Contract, clause 34.1, p. 22",True,,cause_only,reproduced_in_pack,,"The purchaser, without prejudice to any other remedy for breach of contract, by written notice of default sent to the supplier, may terminate this contract in whole or in part:","Printed General Conditions of Contract, clause 23.1, p. 18",True,,none,none,documents_only,,,,,none,none,,,,,,none,none,,,,,
ocds-9t57fa-80184__e2a4f322-7883-44d5-a84e-7f35001706a1,False,"The RFQ purchases six days of Microsoft Azure Administrator training for one delegate, not an AI, cloud-hosting or software service.",silent,none,,,,,,cause_only,reproduced_in_pack,,cancel the contract and claim any damages which it has suffered as a result of having to make less favourable arrangements due to such cancellation;,"SBD 6.1, clause 6.4(iv)(c), page 15",True,,none,none,,,,,,none,none,,,,,,none,none,,,,,
ocds-9t57fa-80910__c09aae86-8b68-4578-bf39-89de7c0e59d4,True,"SAWS seeks a Microsoft partner for two years of Azure managed services. Azure is named, but the pack does not expressly make Microsoft's platform terms applicable to SAWS.",mutual_written_variation,reproduced_in_pack,,No variation in or modification of the terms of the contract shall be made except by written amendment signed by the parties concerned.,"Annexure B, GCC clause 18.1, p. 10",False,91.8,cause_only,reproduced_in_pack,,"The purchaser, without prejudice to any other remedy for breach of contract, by written notice of default sent to the supplier, may terminate this contract in whole or in part:","Annexure B, GCC clause 23.1, p. 11",False,93.0,none,none,documents_only,,,,,none,none,,,,,,none,none,,,,,
ocds-9t57fa-82174__7a2b5b85-1046-45c7-9770-1f845716f51e,True,"The RFQ renews maintenance and support for SAQA’s Engati chatbot across WhatsApp, social media and its website.",silent,none,,,,,,cause_only,own_text,,"Should communication between SAQA and clients be compromised, the contract will be terminated with immediate effect","Section 5, Service Level Management, item 3",False,60.5,none,none,,,,,,none,none,,,,,,none,none,,,,,
ocds-9t57fa-83570__6edb33e9-2c5b-409a-aeb4-53ef900ae912,True,"The tender covers Microsoft 365 E3 cloud services, including migration from on-premises Exchange to Exchange Online.",mutual_written_variation,reproduced_in_pack,,No variation in or modification of the terms of the contract shall be made except by written amendment signed by the parties concerned.,"General Conditions of Contract, clause 18.1, page 33",True,,cause_only,reproduced_in_pack,,"The purchaser, without prejudice to any other remedy for breach of contract, by written notice of default sent to the supplier, may terminate this contract in whole or in part:","General Conditions of Contract, clause 23.1, page 34",True,,none,none,documents_only,,,,,none,none,,,,,,none,none,,,,,
ocds-9t57fa-84364__cc7c5d91-ddad-4a5d-aa65-35f6c8bd2b11,False,"The RFQ purchases six days of Microsoft Azure administrator training for one delegate, not an AI or cloud service.",silent,none,,,,,,cause_only,reproduced_in_pack,,cancel the contract and claim any damages which it has suffered as a result of having to make less favourable arrangements due to such cancellation;,"SBD 6.1, section 6.4(iv)(c), page 15",True,,none,none,,,,,,none,none,,,,,,none,none,,,,,
ocds-9t57fa-84381__ebcffad9-df2a-4272-b8b1-233ea30ea2a5,False,"The RFQ purchases six days of Microsoft Azure infrastructure-design training, not an AI or cloud service.",silent,none,,,,,,cause_only,reproduced_in_pack,,cancel the contract and claim any damages which it has suffered as a result of having to make less favourable arrangements due to such cancellation;,"Section D, SBD 6.1, clause 6.4(iv)(c), p. 15",True,,none,none,,,,,,none,none,,,,,,none,none,,,,,
ocds-9t57fa-85803__e7f756e4-dc02-4939-b8eb-22faffcc3233,True,"RAF/2024/00013 procures migration to, and five years of management and support for, AWS and Microsoft Azure cloud environments. The pack does not make either platform’s own terms applicable to RAF (flow_down: no).",mutual_written_variation,reproduced_in_pack,,No variation in or modification of the terms of the contract shall be made except by written amendment signed by the parties concerned.,"Printed GCC clause 18.1, p. 50",False,98.5,cause_only,reproduced_in_pack,,"The purchaser, without prejudice to any other remedy for breach of contract, by written notice of default sent to the supplier, may terminate this contract in whole or in part:","Printed GCC clause 23.1, p. 51",False,93.0,none,none,documents_only,,,,,none,none,,,,,,none,none,,,,,
ocds-9t57fa-87688__906e56f5-0b18-46fb-91e5-58411baa6606,True,The specifications require cloud-based security management and machine-learning detection for endpoint protection.,mutual_written_variation,reproduced_in_pack,,"No agreement to amend or vary a contract or order or the conditions, stipulations or provisions thereof shall be valid and of any force unless such agreement to amend or vary is entered into in writing and signed by the contracting parties.","General Conditions of Contract, clause 34, p. 21",True,,cause_only,reproduced_in_pack,,"The purchaser, without prejudice to any other remedy for breach of contract, by written notice of default sent to the supplier, may terminate this contract in whole or in part:","General Conditions of Contract, clause 23.1, p. 18",True,,none,none,documents_only,,,,,none,none,,,,,,none,none,,,,,
ocds-9t57fa-88022__348b6a31-eacd-4fcf-a35b-171a86007ff1,True,"The RFQ procures Microsoft 365, a cloud software service, alongside antivirus licences. It does not specify AI functionality.",mutual_written_variation,reproduced_in_pack,,No variation in or modification of the terms of the contract shall be made except by written amendment signed by the parties concerned,"Printed General Conditions of Contract, clause 18.1, p. 38",False,91.8,cause_only,reproduced_in_pack,,"The purchaser, without prejudice to any other remedy for breach of contract, by written notice of default sent to the supplier, may terminate this contract in whole or in part:","Printed General Conditions of Contract, clause 23.1, p. 39",False,93.0,none,none,,,,,,none,none,,,,,,none,none,,,,,
ocds-9t57fa-88068__81aebf4d-a548-40fe-9545-1061c2560021,False,The RFQ requests Microsoft licenses but identifies no AI product or cloud service.,silent,none,,,,,,silent,none,,,,,,none,none,,,,,,none,none,,,,,,none,none,,,,,
ocds-9t57fa-88907__5982fc74-f0ad-4b33-a5f4-5d3ef7ec4bac,True,"Procurement of Darktrace or a similar AI cybersecurity monitoring solution, including cloud-native email security.",mutual_written_variation,reproduced_in_pack,,unless such agreement to amend or vary is entered into in writing and signed by the contracting parties.,"General Conditions of Contract, clause 34.1, p. 17",True,,cause_only,reproduced_in_pack,,"The purchaser, without prejudice to any other remedy for breach of contract, by written notice of default sent to the supplier, may terminate this contract in whole or in part:","General Conditions of Contract, clause 23.1, p. 15",True,,mentioned,own_text,feature_only,Reports must be exportable in multiple formats,"Section 2.1.5, Table 2, requirement 1.24, p. 29",True,,none,none,,,,,,none,none,,,,,
ocds-9t57fa-89408__55668f69-aabd-4c05-b626-f2492fc6cd73,True,The RFQ procures migration of CMS servers and data to Microsoft Azure. The pack does not make Azure's own terms applicable to CMS.,silent,none,,,,,,cause_only,reproduced_in_pack,,cancel the contract and claim any damages which it has suffered as a result of having to make less favourable arrangements due to such cancellation;,"SBD 6.1, clause 4.6(iv)(c), p. 19",True,,none,none,,,,,,none,none,,,,,,none,none,,,,,
ocds-9t57fa-90087__32782b2f-f717-433f-ab15-985322734627,True,"The RFQ procures Microsoft 365 Business Standard, a cloud software service, alongside Kaspersky antivirus. It does not make either platform’s own terms applicable to the buyer (flow_down=no).",mutual_written_variation,reproduced_in_pack,,No variation in or modification of the terms of the contract shall be made except by written amendment signed by the parties concerned,"Printed Government Procurement General Conditions of Contract (GCC), clause 18.1, p. 38",False,91.8,cause_only,reproduced_in_pack,,"The purchaser, without prejudice to any other remedy for breach of contract, by written notice of default sent to the supplier, may terminate this contract in whole or in part:","Printed GCC, clause 23.1, p. 39",False,93.0,none,none,,,,,,none,none,,,,,,none,none,,,,,
ocds-9t57fa-90301__adf2a3e1-2f56-497a-b103-b81c2795593b,True,"The document concerns procurement of a chatbot customer journey, but is only a regret letter to an unsuccessful supplier.",silent,none,,,,,,silent,none,,,,,,none,none,,,,,,none,none,,,,,,none,none,,,,,
ocds-9t57fa-93318__2d062900-cc02-4595-b670-11668d1ee7f3,True,The RFQ seeks annual Microsoft 365 cloud application and collaboration subscriptions. The pack does not state whether Microsoft's own service terms apply to NRWDI.,silent,none,,,,,,cause_only,reproduced_in_pack,,cancel the contract and claim any damages which it has suffered as a result of having to make less favourable arrangements due to such cancellation;,"SBD 6.1, paragraph 4.7(iv)(c), page 8",True,,none,none,,,,,,none,none,,,,,,none,none,,,,,
ocds-9t57fa-93341__b1cc00d7-d9ad-4d46-83b3-00a206ebad4b,True,Clarification slides for an AI-powered identity protection platform managed service.,silent,none,,,,,,silent,incorporated_not_seen,,• X11: Termination by employer,"NEC Documentation, slide 9",True,,none,none,,,,,,none,none,,,,,,none,none,,,,,
ocds-9t57fa-93522__f7044a65-fdb1-443d-8e86-0224ae712638,True,The RFQ seeks implementation and support of an AI solution for predictive modelling and analytics. No platform’s own terms are made applicable.,mutual_written_variation,reproduced_in_pack,,The price stated in the Purchase Order shall be regarded as fixed and is invariable and not subject to adjustments unless otherwise agreed between the parties in writing.,"General Terms and Conditions, clause 5.2, page 10",False,68.6,convenience,reproduced_in_pack,,"and without liability, to terminate a Purchase Order in whole or in part, by written notice of termination for convenience to the Supplier.","General Terms and Conditions, clause 5.14, pages 10–11",False,71.3,none,none,,,,,,none,none,,,,,,none,none,,,,,
ocds-9t57fa-94096__4fb4a240-2f53-4cd1-9b05-1f9d3538f6d7,True,The tender seeks five years of Microsoft Azure cloud hosting and migration services.,silent,none,,,,,,cause_only,reproduced_in_pack,,cancel the contract and claim any damages which it has suffered because of having to make less favourable arrangements due to such cancellation;,"SBD6.1, §8.8(iv)(c), p. 26",True,,none,none,,,,,,none,none,,,,,,none,none,,,,,
ocds-9t57fa-94541__b87fd403-6566-4c4e-b510-aeac21e7bd16,True,"The tender procures Digital.ai Deploy software licences and support. The repeated Red Hat OpenShift page heading conflicts with the stated procurement, which concerns Digital.ai.",silent,none,,,,,,conditional,own_text,,"In the event that Interfront elects not to renew the license, the contract may be terminated by Interfront by written notice to the service provider of such termination at least sixty (60) days prior to the effective date of termination.","Part 2, Termination Clause, p. 9",True,,none,none,,,,,,none,none,,,,,,mentioned,own_text,direction_unclear,Interfront may require the bidder(s) to enter into an interim agreement under which the transition services would commence;,"Part 3, Process following evaluation, p. 12",True,
ocds-9t57fa-94596__e4967c99-72e7-4543-b296-32b97899d6d3,True,"The notice advertises Microsoft licence subscriptions and SharePoint support. The RFP documents are not included, so their terms cannot be coded.",silent,none,,,,,,silent,none,,,,,,none,none,,,,,,none,none,,,,,,none,none,,,,,
ocds-9t57fa-99553__78e7ae87-ba8a-4210-ad9e-24e23d9d47ba,False,"The extract concerns maintenance of lighting, fire-fighting, water-control, pest-control and plumbing installations. It specifies billing and meter-management software but no AI or cloud service.",silent,none,,,,,,silent,none,,,,,,none,none,,,,,,none,none,,,,,,none,none,,,,,
ocds-9t57fa-99559__ab6ea0e0-df8a-40c6-8653-0189bcf0ee8e,True,"The bill includes an IVS presence/line-crossing video-analytics licence and biometric access-control equipment, potentially AI-bearing. No cloud service is specified.",silent,none,,,,,,silent,none,,,,,,none,none,,,,,,none,none,,,,,,none,none,,,,,
ocds-9t57fa-120898__374f9470-c4b1-4ecd-9dc7-ec633710b537,True,"Renewal of Microsoft 365 licences is a cloud software procurement. The right to accept all or part of a bid concerns award, not post-award exit.",silent,none,,,,,,silent,none,,,,,,none,none,,,,,,none,none,,,,,,none,none,,,,,
ocds-9t57fa-137490__6f774c64-07b1-4b54-97c4-63160b6bdff5,False,The supplied extraction contains only form-feed characters. Relevance cannot be determined.,not_readable,none,,,,,,not_readable,none,,,,,,not_readable,none,,,,,,not_readable,none,,,,,,not_readable,none,,,,,
ocds-9t57fa-138725__7859bbc5-f011-4ee4-8443-18174ca7aa3e,True,The pack identifies the tender as “Augmenting Robotics with AI for Inspection and Maintenance.” No cloud platform or platform terms are identified in the supplied text.,mutual_written_variation,reproduced_in_pack,,"no variation, modification, or waiver of any of the provisions of this agreement or consent to any departure from these shall, in any manner, be of any force or effect, unless confirmed in writing and signed by both parties","Occupational Health and Safety Act: Section 37(2) Agreement – Form, p. 1",True,,silent,none,,,,,,none,none,,,,,,none,none,,,,,,none,none,,,,,
ocds-9t57fa-158978__fec89d0f-fdf6-4c1b-9ecb-5cc15f6e0bec,False,Cannot determine relevance: the supplied document contains only form-feed characters and no readable text.,not_readable,none,,,,,,not_readable,none,,,,,,not_readable,none,,,,,,not_readable,none,,,,,,not_readable,none,,,,,
ocds-9t57fa-159599__313c310a-d002-4696-8e54-0227a265cbf6,False,Cannot determine relevance: the supplied document contains only form-feed characters and has no readable text.,not_readable,none,,,,,,not_readable,none,,,,,,not_readable,none,,,,,,not_readable,none,,,,,,not_readable,none,,,,,
ocds-9t57fa-162856__a4527f2d-84a7-42a6-9ca8-3fe7c505b1ef,False,The supplied document contains only form-feed characters; its subject and clauses cannot be assessed.,not_readable,none,,,,,,not_readable,none,,,,,,not_readable,none,,,,,,not_readable,none,,,,,,not_readable,none,,,,,
ocds-9t57fa-163502__da7df871-c4db-4c17-bbf3-c1c297410fdc,False,The supplied extraction contains only form-feed characters. Relevance cannot be determined.,not_readable,none,,,,,,not_readable,none,,,,,,not_readable,none,,,,,,not_readable,none,,,,,,not_readable,none,,,,,
ocds-9t57fa-164154__8729da97-5a34-49e4-9135-0eaf33e2eb6e,False,The supplied document contains only form-feed characters. Relevance cannot be determined.,not_readable,none,,,,,,not_readable,none,,,,,,not_readable,none,,,,,,not_readable,none,,,,,,not_readable,none,,,,,
ocds-9t57fa-167101__bbf5d483-b55b-4bfb-98a4-17f6b7a4d7b3,False,Cannot assess relevance: the supplied document contains only form-feed characters and no readable text.,not_readable,none,,,,,,not_readable,none,,,,,,not_readable,none,,,,,,not_readable,none,,,,,,not_readable,none,,,,,
ocds-9t57fa-171039__4736e61a-2974-49cc-af51-33b7af7491af,False,No readable tender text was provided; relevance cannot be assessed.,not_readable,none,,,,,,not_readable,none,,,,,,not_readable,none,,,,,,not_readable,none,,,,,,not_readable,none,,,,,
ocds-9t57fa-57313__08437017-8e79-4dfe-a869-43372ed4632f,False,The supplied document contains only form-feed characters. Relevance cannot be determined.,not_readable,none,,,,,,not_readable,none,,,,,,not_readable,none,,,,,,not_readable,none,,,,,,not_readable,none,,,,,
ocds-9t57fa-62176__65b745a7-fdf7-421a-a798-ef06183c5f34,True,"The tender seeks Microsoft 365 licences and assistance setting up Office 365 hosting, potentially in the cloud.",mutual_written_variation,reproduced_in_pack,,"No agreement to amend or vary a contract or order or the conditions, stipulations or provisions thereof shall be valid and of any force unless such agreement to amend or vary is entered into in writing and signed by the contracting parties.","General Conditions of Contract, clause 34.1",True,,cause_only,reproduced_in_pack,,"The purchaser, without prejudice to any other remedy for breach of contract, by written notice of default sent to the supplier, may terminate this contract in whole or in part:","General Conditions of Contract, clause 23.1",True,,none,none,,,,,,none,none,,,,,,none,none,,,,,
ocds-9t57fa-62732__63c6ac4a-a912-4587-aae2-366122e05f1e,True,RFQ 26381 requests a 12-month [platform] subscription. The pack does not state that [platform]’s platform terms apply to the buyer.,silent,none,,,,,,silent,none,,,,,,none,none,,,,,,none,none,,,,,,none,none,,,,,
ocds-9t57fa-62816__638b862d-617e-4b8c-9f93-3abaf3b796ef,False,The supplied document contains only form-feed characters. Its subject matter cannot be assessed.,not_readable,none,,,,,,not_readable,none,,,,,,not_readable,none,,,,,,not_readable,none,,,,,,not_readable,none,,,,,
ocds-9t57fa-64321__291ea7e9-f601-4f85-876f-162125150c95,False,The supplied document contains only form-feed characters. Relevance cannot be assessed.,not_readable,none,,,,,,not_readable,none,,,,,,not_readable,none,,,,,,not_readable,none,,,,,,not_readable,none,,,,,
ocds-9t57fa-66210__2b7b0aa3-46da-454a-a948-a7a67773dd74,False,The supplied document contains only a form-feed character. Relevance cannot be assessed.,not_readable,none,,,,,,not_readable,none,,,,,,not_readable,none,,,,,,not_readable,none,,,,,,not_readable,none,,,,,
ocds-9t57fa-78641__b468f55a-39b3-47b6-83b7-82cf79c73d66,False,The supplied document contains only form-feed characters. Relevance cannot be assessed.,not_readable,none,,,,,,not_readable,none,,,,,,not_readable,none,,,,,,not_readable,none,,,,,,not_readable,none,,,,,
ocds-9t57fa-87012__75fc77c3-1b36-48a5-baa1-f31af4dffef3,False,The supplied document contains only form-feed characters. Relevance cannot be assessed.,not_readable,none,,,,,,not_readable,none,,,,,,not_readable,none,,,,,,not_readable,none,,,,,,not_readable,none,,,,,
ocds-9t57fa-90476__9f13a6d1-ffd9-4d6f-99b5-50b596ac6302,False,Cannot determine relevance: the supplied document contains only form-feed characters and no readable text.,not_readable,none,,,,,,not_readable,none,,,,,,not_readable,none,,,,,,not_readable,none,,,,,,not_readable,none,,,,,
ocds-9t57fa-97942__0dc135a2-b959-4943-8e5d-85f7e9a718db,True,The tender renews Microsoft Dynamics 365 and related cloud-service licences for seven months.,mutual_written_variation,reproduced_in_pack,,No variation in or modification of the terms of the contract shall be made except by written amendment signed by the parties concerned.,"Printed General Conditions of Contract, clause 18.1, p. 10",False,91.8,cause_only,reproduced_in_pack,,"The purchaser, without prejudice to any other remedy for breach of contract, by written notice of default sent to the supplier, may terminate this contract in whole or in part:","Printed General Conditions of Contract, clause 23.1, p. 11",False,93.0,none,none,,,,,,none,none,,,,,,none,none,,,,,
