author,yes,conditional,not_observed,not_applicable,comparison,scheme,no_in_read_document,ambiguous
yes,4,0,0,0,A_first_pass,collapsed,,
conditional,12,9,1,0,A_first_pass,collapsed,,
not_observed,0,0,9,0,A_first_pass,collapsed,,
not_applicable,0,0,0,5,A_first_pass,collapsed,,
yes,4,0,0,0,A_first_pass,strict_labels,0.0,0.0
conditional,12,9,1,0,A_first_pass,strict_labels,0.0,0.0
not_observed,0,0,9,0,A_first_pass,strict_labels,0.0,0.0
not_applicable,0,0,0,5,A_first_pass,strict_labels,0.0,0.0
no_in_read_document,0,0,0,0,A_first_pass,strict_labels,0.0,0.0
ambiguous,0,0,0,0,A_first_pass,strict_labels,0.0,0.0
yes,2,2,0,0,B_second_model_coder,collapsed,,
conditional,2,17,3,0,B_second_model_coder,collapsed,,
not_observed,2,5,2,0,B_second_model_coder,collapsed,,
not_applicable,0,1,4,0,B_second_model_coder,collapsed,,
yes,2,2,0,0,B_second_model_coder,strict_labels,0.0,0.0
conditional,2,17,3,0,B_second_model_coder,strict_labels,0.0,0.0
not_observed,2,5,2,0,B_second_model_coder,strict_labels,0.0,0.0
not_applicable,0,1,2,0,B_second_model_coder,strict_labels,2.0,0.0
no_in_read_document,0,0,0,0,B_second_model_coder,strict_labels,0.0,0.0
ambiguous,0,0,0,0,B_second_model_coder,strict_labels,0.0,0.0
yes,4,0,0,0,C_model_recoding,collapsed,,
conditional,2,20,0,0,C_model_recoding,collapsed,,
not_observed,0,0,9,0,C_model_recoding,collapsed,,
not_applicable,0,0,0,5,C_model_recoding,collapsed,,
yes,4,0,0,0,C_model_recoding,strict_labels,0.0,0.0
conditional,2,20,0,0,C_model_recoding,strict_labels,0.0,0.0
not_observed,0,0,4,0,C_model_recoding,strict_labels,5.0,0.0
not_applicable,0,0,0,5,C_model_recoding,strict_labels,0.0,0.0
no_in_read_document,0,0,0,0,C_model_recoding,strict_labels,0.0,0.0
ambiguous,0,0,0,0,C_model_recoding,strict_labels,0.0,0.0
yes,4,0,0,0,ADJ_adjudicated,collapsed,,
conditional,7,15,0,0,ADJ_adjudicated,collapsed,,
not_observed,0,0,9,0,ADJ_adjudicated,collapsed,,
not_applicable,0,0,0,5,ADJ_adjudicated,collapsed,,
yes,4,0,0,0,ADJ_adjudicated,strict_labels,0.0,0.0
conditional,7,15,0,0,ADJ_adjudicated,strict_labels,0.0,0.0
not_observed,0,0,4,0,ADJ_adjudicated,strict_labels,5.0,0.0
not_applicable,0,0,0,5,ADJ_adjudicated,strict_labels,0.0,0.0
no_in_read_document,0,0,0,0,ADJ_adjudicated,strict_labels,0.0,0.0
ambiguous,0,0,0,0,ADJ_adjudicated,strict_labels,0.0,0.0
