set,sid,doc,tender_title,buyer,field,author_code,model_code,model_raw_supplier_change,model_eff_change,model_gcc_incorporated,model_referenced_instruments,author_page_or_section,author_note,model_quote,model_quote_verified
south_africa,S08,ocds-9t57fa-54848__77b33fac-6a2c-400d-8ec4-27c1a4d3af5b,RAF/2023/00006,Road Accident Fund,exit_transition,mentioned,none,,,True,General Conditions of Contract (GCC);Special Conditions of Contract (SCC);SBD 7,Specification §5.1; pricing §7; GCC §18.1,"“Migrate the current solution to cloud” includes data/integration points; pricing lists “Migration to Cloud.” This is incoming implementation, not a promise by the new supplier to return data or fund a later exit.",,
south_africa,S09,ocds-9t57fa-169918__56498da4-6eed-4cdf-a0e4-0ae6016003ec,FAIS2026/27 - T001 ,Office of the Ombud for Financial Service Providers,exit_transition,mentioned,specified,,,True,"General Conditions of Contract (GCC), attached as Annexure A;Special Conditions of Contract (if applicable);Service Level Agreement (SLA);Supply agreement","§§25.13, 28.1; evaluation item 4; SBD1 §1.3","New provider must take over from incumbent with knowledge transfer, documentation and continuity. The duty is inbound; no later exit, data return/export or separate alternative funding is specified.","The appointed service provider must be able to transfer roles and responsibilities and take over ownership from the current service provider in a smooth manner, without disrupting the day-to-day activities of the FAIS Ombud.",True
south_africa,S12,ocds-9t57fa-153377__e9804c9a-71fb-41ec-8820-afa86c6d06e1,RSR/RFP/ICT/IAAS/26/04/06,Railway Safety Regulator,exit_transition,mentioned,none,,,False,,"Annexure A, Year 3 fee table","Year 3 table asks bidders to price “Migration Plan (Implementation Cost).” The annex gives no migration duties, committed budget, data export or consent rule; direction and purpose of migration remain unclear.",,
south_africa,S14,ocds-9t57fa-46270__36fa61ae-bd56-4baf-8ec7-063ac7c96d5c,TCC/2022/12/0001/18787/RFP addendum 3,Transnet SOC Ltd,exit_transition,mentioned,specified,,,False,Transnet Master Agreement (Annexure E);Transnet General Bid Conditions (Annexure F),"Workload Migrations item 10; pricing notes c, j","CSP must move existing workloads and database data to the new platform in at most three months; bid includes once-off migration costs. This is inbound migration, not new-supplier exit/data-return duty or committed fallback funding.",Transnet requires a transition period of 3 months to move from one data centre to another. The CSP will be required to migrate existing workloads from the current public platform utilized by Transnet to the new platform,True
south_africa,S17,ocds-9t57fa-126943__39984b7e-7c5d-41e9-813b-d0f1c8e1f28e,NSG/BID/01/2025/2026,National School of Government,exit_transition,mentioned,none,,,True,General Conditions of Contract (GCC);Service Level Agreement (SLA),"ToR §§5.3, 5.5, 6.2; GCC §18.1",Bid must price “Tenant transfer costs” and propose inbound migration; no later exit or funded fallback is assured. ToR §5.5 requires agreement for additional servers only; general amendment control comes through GCC §18.1.,,
south_africa,S07,ocds-9t57fa-106857__15c5bb8c-8d2e-4024-a768-a6318177a2fd,SCMU  38/2024,Greater Tzaneen Municipality,data_return_export,specified,mentioned,,,False,Greater Tzaneen Municipality Supply Chain Management Policy;Service Level Agreement,Scope p. 33; GCC §18.1,"Cloud archiving requires “retention, legal hold, case management, and data export.” This is an export feature, with no express exit assistance or separate replacement funding.","Comprehensive compliance, E-discovery, and litigation support, including retention, legal hold, case management, and data export.",True
south_africa,S20,ocds-9t57fa-170703__3c48810d-d530-4503-bf07-7104c0b444e3,EWSETA/RFQ/036/2026,Energy and Water Sector Education and Training Authority,data_return_export,none,specified,,,True,General Conditions of Contract (GCC);Special Conditions of Contract,Evaluation item 6; ToR §§5.13–5.14; GCC Contract amendments,Evaluation asks for “a plan for handover/knowledge transfer.” ToR §5.13 bars amendment without EWSETA CEO written confirmation; no buyer data return or separate fallback funding is specified.,"Any document, other than the contract itself mentioned in GCC clause 5.1 shall remain the property of the purchaser and shall be returned (all copies) to the purchaser on completion of the supplier’s performance under the contract if so required by the purchaser.",True
south_africa,S08,ocds-9t57fa-54848__77b33fac-6a2c-400d-8ec4-27c1a4d3af5b,RAF/2023/00006,Road Accident Fund,financing_alternative,mentioned,none,,,True,General Conditions of Contract (GCC);Special Conditions of Contract (SCC);SBD 7,Specification §5.1; pricing §7; GCC §18.1,"“Migrate the current solution to cloud” includes data/integration points; pricing lists “Migration to Cloud.” This is incoming implementation, not a promise by the new supplier to return data or fund a later exit.",,
south_africa,S12,ocds-9t57fa-153377__e9804c9a-71fb-41ec-8820-afa86c6d06e1,RSR/RFP/ICT/IAAS/26/04/06,Railway Safety Regulator,financing_alternative,mentioned,none,,,False,,"Annexure A, Year 3 fee table","Year 3 table asks bidders to price “Migration Plan (Implementation Cost).” The annex gives no migration duties, committed budget, data export or consent rule; direction and purpose of migration remain unclear.",,
south_africa,S14,ocds-9t57fa-46270__36fa61ae-bd56-4baf-8ec7-063ac7c96d5c,TCC/2022/12/0001/18787/RFP addendum 3,Transnet SOC Ltd,financing_alternative,mentioned,none,,,False,Transnet Master Agreement (Annexure E);Transnet General Bid Conditions (Annexure F),"Workload Migrations item 10; pricing notes c, j","CSP must move existing workloads and database data to the new platform in at most three months; bid includes once-off migration costs. This is inbound migration, not new-supplier exit/data-return duty or committed fallback funding.",,
south_africa,S17,ocds-9t57fa-126943__39984b7e-7c5d-41e9-813b-d0f1c8e1f28e,NSG/BID/01/2025/2026,National School of Government,financing_alternative,mentioned,none,,,True,General Conditions of Contract (GCC);Service Level Agreement (SLA),"ToR §§5.3, 5.5, 6.2; GCC §18.1",Bid must price “Tenant transfer costs” and propose inbound migration; no later exit or funded fallback is assured. ToR §5.5 requires agreement for additional servers only; general amendment control comes through GCC §18.1.,,
south_africa,S07,ocds-9t57fa-106857__15c5bb8c-8d2e-4024-a768-a6318177a2fd,SCMU  38/2024,Greater Tzaneen Municipality,buyer_consent_to_changes,only_via_GCC,required_own_text,buyer_consent_required,buyer_consent_required,False,Greater Tzaneen Municipality Supply Chain Management Policy;Service Level Agreement,Scope p. 33; GCC §18.1,"Cloud archiving requires “retention, legal hold, case management, and data export.” This is an export feature, with no express exit assistance or separate replacement funding.",No variation in or modification of the terms of the contract shall be made except by written amendment signed by the parties concerned.,True
south_africa,S08,ocds-9t57fa-54848__77b33fac-6a2c-400d-8ec4-27c1a4d3af5b,RAF/2023/00006,Road Accident Fund,buyer_consent_to_changes,only_via_GCC,required_own_text,buyer_consent_required,buyer_consent_required,True,General Conditions of Contract (GCC);Special Conditions of Contract (SCC);SBD 7,Specification §5.1; pricing §7; GCC §18.1,"“Migrate the current solution to cloud” includes data/integration points; pricing lists “Migration to Cloud.” This is incoming implementation, not a promise by the new supplier to return data or fund a later exit.",No variation in or modification of the terms of the contract shall be made except by written amendment signed by the parties concerned.,False
south_africa,S17,ocds-9t57fa-126943__39984b7e-7c5d-41e9-813b-d0f1c8e1f28e,NSG/BID/01/2025/2026,National School of Government,buyer_consent_to_changes,only_via_GCC,required_own_text,buyer_consent_required,buyer_consent_required,True,General Conditions of Contract (GCC);Service Level Agreement (SLA),"ToR §§5.3, 5.5, 6.2; GCC §18.1",Bid must price “Tenant transfer costs” and propose inbound migration; no later exit or funded fallback is assured. ToR §5.5 requires agreement for additional servers only; general amendment control comes through GCC §18.1.,“No variation in or modification of the terms of the contract shall be made except by written amendment signed by the parties concerned.” (GCC 18.1),False
south_africa,S07,ocds-9t57fa-106857__15c5bb8c-8d2e-4024-a768-a6318177a2fd,SCMU  38/2024,Greater Tzaneen Municipality,incorporates_GCC,yes,no,,,False,Greater Tzaneen Municipality Supply Chain Management Policy;Service Level Agreement,Scope p. 33; GCC §18.1,"Cloud archiving requires “retention, legal hold, case management, and data export.” This is an export feature, with no express exit assistance or separate replacement funding.",,
