ID,Country / income / system / dates,Changed or disputed terms,C1: finance,C2: refusal,C3: operability,Funding / release holder,Refusal / decision holder,Harm bearer,Outcome,Classification,"Sources, reading depth and locators"
G3-01,"Ghana; Lower middle income, FY23<br>National identity card production<br>July 2022–March 2023; September 2023 arrears report",Partners reportedly withheld blank cards over arrears.,Not observed,Agency action; applicant refusal power not observed,No alternative established,Government financed arrears clearance; no fallback finance observed.,Government financing authorities and NIA; bank/partners controlled release.,Applicants awaiting identity documents.,Blank cards released 14 March; printing began 18 March; 29 March completion was a forecast.,Partial fit: cash and input dependence; not harmful-versus-harmless pricing,G3:S01 (replication package) Read directly on 6 October 2026 from the original listed route: Complete substantive statement or article body; not underlying documents reported by the article.<br>G3:S02 (replication package) Read directly on 6 October 2026 from the original listed route: Relevant original article/statement passages; not cover-to-cover or the underlying reported documents.<br>G3:WB (replication package) Checked on 6 October 2026: original classification page and selected historical country/year worksheet cells; the earlier access date in the reference is 4 October 2026.<br>Locators: Action/arrears S02 partner and debt paragraphs; release/backlog/schedule S01 paras 1–4
G3-02,"Ghana; Lower middle income, FY20<br>Customs/trade processing<br>2020 replacement; 19 November 2024 arbitral outcome",Incumbent challenged termination and fee exemptions/discounts; no unilateral new supplier term established.,Replacement exists; prior funding timing unknown,Government exercised termination,Deployed replacement; comparable quality/cost unknown,Government/replacement procurement; allocation and operating cost unknown.,Government; tribunal upheld lawful termination.,"Traders, customs users and taxpayers.",Replacement deployed; tribunal rejected large damages claim and limited compensation.,**COUNTEREXAMPLE**<br>Counterexample to inevitable incumbent power; not a test of joint resident rights,G3:S03 (replication package) Read directly on 6 October 2026 from the original listed route: Selected original-document passages specified by locator; not cover-to-cover. printed p.10<br>G3:S04 (replication package) Read directly on 6 October 2026 from the original listed route: Relevant original article/statement passages; not cover-to-cover or the underlying reported documents.<br>G3:WB (replication package) Checked on 6 October 2026: original classification page and selected historical country/year worksheet cells; the earlier access date in the reference is 4 October 2026.<br>Locators: Claims/award S03 printed p.10; switch S04 opening paragraphs
G3-03,"Ghana; Lower middle income, FY20<br>National Single Window / integrated risk management<br>Services through May 2020; suit reported 15 November 2023",Supplier demanded unpaid fees and equipment recovery following termination.,Replacement financing timing unknown,Government termination demonstrated,Replacement operational per GRA; cost comparison missing,Government; replacement funding amount unknown.,GRA and Finance Ministry terminated; supplier sought judicial recovery.,Customs users and taxpayers; supplier bears unpaid receivables.,Suit reported; no final disposition verified; replacement separately documented.,"**WEAKER-SUPPLIER COMPARISON**<br>Weaker-supplier comparison; separate creditor from Supplier A, shared switch",G3:S05 (replication package) Read directly on 6 October 2026 from the original listed route: Relevant original article/statement passages; not cover-to-cover or the underlying reported documents.<br>G3:S04 (replication package) Read directly on 6 October 2026 from the original listed route: Relevant original article/statement passages; not cover-to-cover or the underlying reported documents.<br>G3:WB (replication package) Checked on 6 October 2026: original classification page and selected historical country/year worksheet cells; the earlier access date in the reference is 4 October 2026.<br>Locators: Action/costs S05 paras 1–7; replacement S04 opening paragraphs
G3-04,"Kenya; Lower middle income, FY23<br>eCitizen government payments<br>2017 transfer; 13 January 2023 handover; January 2024 consent; 2025 audit/official response",Audit found continuing vendor control despite government ownership; handover agreed but incomplete control reported.,Original funding is not fallback funding,Several agencies; end-user authority not established,Control disputed; independent operability not established,2017 handover by IFC to Treasury reported; original development financing and transition cost not established by the checked passages.,"Treasury, ICT Ministry/ICT Authority, Immigration Ministry; court consent.",Citizens and agencies relying on payment services.,Audit for FY2023/24 found deficient control; August 2025 official said engine/source/control acquired.,Partial fit; formal title and operational control diverge,G3:S06 (replication package) Read directly on 6 October 2026 from the original listed route: Selected original-document passages specified by locator; not cover-to-cover. printed pp.38–39<br>G3:S07 (replication package) Read directly on 6 October 2026 from the original listed route: Complete substantive statement or article body; not underlying documents reported by the article.<br>G3:S08 (replication package) Read directly on 6 October 2026: handover in 2017 and agreement dated 13 January 2023.<br>G3:WB (replication package) Checked on 6 October 2026: original classification page and selected historical country/year worksheet cells; the earlier access date in the reference is 4 October 2026.<br>Locators: Control/settlement S06 printed pp.38–39 items d–g; handover history S08 retrospective audit paragraphs; later response S07 paras 1–5
G3-05,"Malawi; Low income, FY24<br>Electronic passport issuance<br>Contract terminated earlier; June 2023 claimed handover; January–March 2024 outage",Licence-expiry shutdown alleged; supplier denied causing outage and asserted completed handover.,No paid pre-shock alternative established,State direction; supplier causation contested,Restoration announced; throughput and backlog clearance unverified,Government organised restoration; spending unknown.,President ordered restoration; Immigration Department managed it.,Passport applicants facing delays.,Department announced restoration 12 March; gradual printing planned; consumer groups sought proof of implementation.,Partial fit with conflicting causal accounts,G3:S09 (replication package) Read directly on 6 October 2026 from the original listed route: Complete substantive statement or article body; not underlying documents reported by the article.<br>G3:S10 (replication package) Read directly on 6 October 2026 from the original listed route: Complete substantive statement or article body; not underlying documents reported by the article.<br>G3:WB (replication package) Checked on 6 October 2026: original classification page and selected historical country/year worksheet cells; the earlier access date in the reference is 4 October 2026.<br>Locators: Supplier response S09 handover/denial paragraphs; restoration/fee S10 statement paragraphs
G3-06,"Malawi; Low income, FY24<br>Electronic visa issuance<br>21 August 2018–21 August 2021 BOT term; unresolved handover reported June 2024",Government demanded overdue system/source handover and remittance of fees reportedly retained by contractor.,Transfer obligation is not funded independent alternative,Government demanded transfer; users lack shown activation authority,Source/document transfer outstanding as reported,Original BOT financing; takeover expenditure unknown.,"Immigration Department, government spokesperson and Attorney-General.",Visa applicants and taxpayers.,Officials demanded immediate handover; no completed transfer or remittance verified.,Partial fit: expiry rights require implementation,G3:S11 (replication package) Read directly on 6 October 2026 from the original listed route: Complete substantive statement or article body; not underlying documents reported by the article.<br>G3:WB (replication package) Checked on 6 October 2026: original classification page and selected historical country/year worksheet cells; the earlier access date in the reference is 4 October 2026.<br>Locators: Complete article: spokesperson on BOT expiry; compensation/escrow and source-code paragraphs
G3-07,"Nigeria; Lower middle income, FY16<br>Treasury Single Account payment processing<br>2015 TSA fee controversy and December testimony","Government disputed authorisation of 1% charge, suspended payments and sought refund; no vendor fee hike established.",Alternative availability asserted; funding timing unknown,State could reopen terms; residents not shown to decide,Platform existence asserted; comparable service not measured,CBN; investment/recurring costs unknown.,CBN and Accountant-General; Senate inquiry.,Public-service users and taxpayers; supplier cash flow.,Refund reported; vendor payments suspended; complete migration not demonstrated.,**COUNTEREXAMPLE**<br>Counterexample: bargaining power also lies with public buyer,G3:S12 (replication package) Read directly on 6 October 2026 from a saved copy of the publisher's page: full article or release text.<br>G3:WB (replication package) Checked on 6 October 2026: original classification page and selected historical country/year worksheet cells; the earlier access date in the reference is 4 October 2026.<br>Locators: Fee/refund/budget/alternative: CBN and Accountant-General testimony paragraphs
G3-08,"Nigeria; Lower middle income, FY18<br>Electronic passports and chip certificate infrastructure<br>29 November 2017 committee recommendations; 11 July 2019 localisation/cancellation announcement; 2 June 2021 report of printing suspension","2017 committee demanded paid PKI handover; 2019 state announced cancellation of foreign printing contracts; 2021 interruption attributed by press to foreign-exchange access, not proven strategic supplier withdrawal.",Paid incumbent asset; independent transition finance unknown,Executive policy announced; effective activation unknown,Continued interruption after policy; substitute capability/cost unverified,Paid PKI per committee; contractor-financed incumbent architecture/booklets per press; mint transition financing unknown.,Committee recommendations; executive localisation policy; NIS administers issuance and prices. Exercised replacement capacity unknown.,Passport applicants and state security users.,2019 cancellation/localisation policy announced; 2021 printing halt reported with resumption promised. Completed mint replacement and PKI handover unknown.,Partial fit/control problem; rival foreign-exchange and interagency mechanism,"G3:S13 (replication package) Read directly on 6 October 2026 from the original listed route: Selected original-document passages specified by locator; not cover-to-cover. printed pp.398–399<br>G3:S42 (replication package) Read directly on 6 October 2026 from the original listed route: Relevant original article/statement passages; not cover-to-cover or the underlying reported documents.<br>G3:WB (replication package) Checked on 6 October 2026: original classification page and selected historical country/year worksheet cells; the earlier access date in the reference is 4 October 2026.<br>Locators: S13: printed p.399, recommendations xii–xiv. S42: opening suspension paragraph; contractor-financed arrangement paragraphs; final July 2019 policy paragraphs."
G3-09,"Nigeria; Lower middle income, FY15<br>National digital identity cards<br>2007 concession; around 2015 termination; 2019 injunction; December 2025 judgment reported February 2026",Supplier contested termination and alleged misuse of confidential designs for competing card initiative.,Alternative investment details missing,Government exercised termination; courts constrain its cost,Competing scheme not proof of seamless switch,Government/partners; separate funding breakdown unknown.,NIMC terminated; arbitral tribunal and Federal High Court considered claims.,"Identity applicants, taxpayers and displaced supplier.",Award enforceable per report; no payment evidence.,**COUNTEREXAMPLE**<br>Weaker-supplier counterexample; legal protection has a fiscal price,"G3:S14 (replication package) Read directly on 6 October 2026 from the original listed route: Complete substantive statement or article body; not underlying documents reported by the article.<br>G3:WB (replication package) Checked on 6 October 2026: original classification page and selected historical country/year worksheet cells; the earlier access date in the reference is 4 October 2026.<br>Locators: Article body paras 1–9 and 11, excluding standfirst and related-story insert; termination/confidential-information litigation and enforcement paragraphs"
G3-10,"Nigeria; Lower middle income, FY18<br>CERPAC, e-Pass and airport immigration systems<br>2012/2014 agreements challenged in 2017 committee report","Committee sought database access, dismantling of stand-alone systems and suspension of revised revenue sharing; vendor unilateral term change not established.",No financed alternative established,Proposed inter-agency negotiations; no executed refusal shown,No completed takeover established,NIS/government; dedicated transition funding unobserved.,House committee; ministries and NIS would implement exit negotiations.,"Migrants, travellers and taxpayers.",Recommendations to terminate/negotiate exit; implementation unknown.,"**BOUNDARY DIAGNOSTIC — excluded from episode count**<br>Boundary comparison: control dispute, not proven price shock","G3:S13 (replication package) Read directly on 6 October 2026 from the original listed route: Selected original-document passages specified by locator; not cover-to-cover. printed pp.398–399<br>G3:WB (replication package) Checked on 6 October 2026: original classification page and selected historical country/year worksheet cells; the earlier access date in the reference is 4 October 2026.<br>Locators: Printed p.398 recommendations i–v, viii–xi"
G3-11,"Philippines; Lower middle income, FY13<br>PCOS automated election system<br>Supplier dispute reported in May 2013; code released for review 9 May, election 13 May 2013",Dispute between contractor and code owner delayed source-code availability for public review.,No replacement funding observed,Election authority; citizen review is not accept/refuse power,Code received; alternative operation not established,COMELEC procurement; independent-system funding unknown.,COMELEC and supplier/code owner; central-bank escrow/review arrangements.,Voters and election stakeholders.,Code arrived and review opened; certification predated release; adequate public review not established.,Partial fit: operational timing constrains formal access,"G3:S15 (replication package) Read directly on 6 October 2026 from the original listed route: Complete substantive statement or article body; not underlying documents reported by the article.<br>G3:WB (replication package) Checked on 6 October 2026: original classification page and selected historical country/year worksheet cells; the earlier access date in the reference is 4 October 2026.<br>Locators: Opening code-delivery paragraphs; certification, reviewer estimate and supplier dispute passages"
G3-12,"South Africa; Upper middle income, FY10<br>Who Am I Online identity/immigration modernisation<br>2010/11 reporting period; WAIO dispute/settlement reported",Disputed WAIO contract settled; supplier absorbed a large settlement charge.,State capacity exists; specific fallback finance not isolated,Government dispute/settlement power,Related system operational; whole-service equivalence missing,State SARS capacity; dedicated replacement amount not established.,DHA and Treasury negotiated settlement; SARS assisted.,"Identity/immigration users, taxpayers and supplier shareholders.",Settlement reported; related state system delivered; no complete like-for-like migration quantified.,**COUNTEREXAMPLE**<br>Counterexample: incumbent absorbed losses; observed spending exceeded appropriation,"G3:S16 (replication package) Read directly on 6 October 2026 from the original listed route: Selected original-document passages specified by locator; not cover-to-cover. printed pp.8,66; programme sections at PDF pp.19,24<br>G3:S17 (replication package) Read directly on 6 October 2026 from the original listed route: Selected original-document passages specified by locator; not cover-to-cover. printed pp.54,80; contents consulted<br>G3:WB (replication package) Checked on 6 October 2026: original classification page and selected historical country/year worksheet cells; the earlier access date in the reference is 4 October 2026.<br>Locators: Budget/alternative S16 printed pp.8,23,66; section 2.2 (PDF p.19) and section 3.1.2.10 (printed p.23 / PDF p.24); charge/cash S17 printed p.54 and note 2.13 p.80"
G3-13,"South Africa; Upper middle income, FY12<br>SITA-procured police, health and defence IT support<br>January 2012 police cancellation; 2012–2013 DoD replacement contracts; November 2017 judgment","Supplier challenged police contract cancellation, demanded compensation and pursued unpaid DoD services.",No pre-funded alternative documented,Government cancellation subject to judicial protection,Not measured,State SITA contracts; funding of independent fallback unknown.,SITA terminated/declined renewal; Constitutional Court reviewed legality.,"Departmental users, taxpayers and contractor.",DoD appointment invalidated without divesting the supplier of rights it would otherwise have had; whether those rights accrued remained unresolved.,**WEAKER-SUPPLIER COMPARISON**<br>Weaker-supplier comparison; public procurement illegality is a different mechanism,"G3:S18 (replication package) Read directly on 6 October 2026 from the original listed route: Selected original-document passages specified by locator; not cover-to-cover. paras 3–10,54–55 and final order; images of PDF pp.24–25<br>G3:WB (replication package) Checked on 6 October 2026: original classification page and selected historical country/year worksheet cells; the earlier access date in the reference is 4 October 2026.<br>Locators: Paras 4–10,54–55; order paras 3(a)–(b)"
G3-14,"South Africa; Upper middle income, FY14<br>Biometric social-grant registration and payments<br>June 2012 alleged variation; April 2014 payment; earlier High Court refund order; September 2019 appeal",Supplier A rejected reduced reimbursement and demanded full payment for claimed additional registration services.,Not observed,Civil-society review influenced payment remedy; not operational veto,No alternative tested,No separate fallback expenditure documented.,SASSA CEO/Bid Adjudication Committee paid; Corruption Watch litigated; courts required repayment.,Taxpayers and grant beneficiaries.,Refund order upheld 30 September 2019; collection not verified here.,**COUNTEREXAMPLE**<br>Counterexample: enforceable legal constraint without resident-run alternative,"G3:S19 (replication package) Read directly on 6 October 2026 from the original listed route: Selected original-document passages specified by locator; not cover-to-cover. cover, order and paras 1–14,55–57; image of PDF p.5<br>G3:WB (replication package) Checked on 6 October 2026: original classification page and selected historical country/year worksheet cells; the earlier access date in the reference is 4 October 2026.<br>Locators: Paras 3–4,10–11,55–57; dispositive order"
G3-15,"South Africa; Upper middle income, FY18<br>Social grants: biometric payments and residual cash pay points<br>March–September 2018 extension; December pricing dispute; 2019 disclosure",Supplier A sought Treasury-based higher fees and a minimum payment floor as recipients migrated away.,Prior public arrangement; exact transition funding unobserved,Court could extend old terms; collective operational refusal not established,Partial at expiry; observed expanded payments by September,State/public-sector arrangement; incremental build and recurring allocations unavailable.,"SASSA, Treasury and Constitutional Court; beneficiary groups litigated but did not hold routine procurement authority.","Grant recipients, especially remote cash users.",Supplier A ceased operations for SASSA 30 September; Supplier B reported substantial September payments; fee litigation continued.,Partial fit with successful switch; no demonstrated net welfare or cost saving,"G3:S20 (replication package) Read directly on 6 October 2026: contract cessation, Treasury recommendation and December 2018 litigation passages.<br>G3:S21 (replication package) Read directly on 6 October 2026 from the original listed route: Selected original-document passages specified by locator; not cover-to-cover. paras 1–24, especially 10,14–18,22–24<br>G3:S22 (replication package) Read directly on 6 October 2026 from the original listed route: Relevant original article/statement passages; not cover-to-cover or the underlying reported documents.<br>G3:WB (replication package) Checked on 6 October 2026: original classification page and selected historical country/year worksheet cells; the earlier access date in the reference is 4 October 2026.<br>Locators: Pricing/outcome S20 Item3 dispute and Item7 overview; prior alternative/floor S21 paras10,14–18,22–24; payment/control S22 opening and safeguards paragraphs"
G3-16,"South Africa; Upper middle income, FY11<br>CIPRO electronic content management<br>2009 ECM award; November 2010 interdict; January 2011 failed settlement",Supplier sought interdict and settlement after state cancelled award; government rejected further payment.,Not observed,Government exercised cancellation; legality unresolved in source,Not observed,Not observed,Trade and Industry Director-General cancelled; court asked parties to explore settlement.,"Registry users, taxpayers and contractor.",No settlement as of 26 January 2011; final litigation outcome unverified.,**WEAKER-SUPPLIER COMPARISON**<br>Weaker-supplier boundary; legality rather than cash constraint,"G3:S23 (replication package) Read directly on 6 October 2026 from the original listed route: Complete substantive statement or article body; not underlying documents reported by the article.<br>G3:WB (replication package) Checked on 6 October 2026: original classification page and selected historical country/year worksheet cells; the earlier access date in the reference is 4 October 2026.<br>Locators: Official statement body paras 1–7, excluding contact/date lines"
G3-17,"Sri Lanka; Lower middle income, FY24<br>Online visas / Electronic Travel Authorization<br>December 2023 new contract; April 2024 cutover; August injunction; ETA restored 27 September 2024; 2025 contempt ruling",New foreign-provider system replaced prior ETA; no incumbent unilateral renegotiation established; public challenge caused suspension.,Existing capacity; funding discretion/incidence not identified,Judicial refusal/reversal distinct from administrator activation,Supplier D stated ready 7 August; actual restoration delayed,Reactivation and continuing costs are not established by the passages checked here.,Cabinet approved new contract; Supreme Court ordered reversal; Immigration controller delayed implementation.,"Visa applicants, tourism businesses and taxpayers.",Official notice confirms ETA restoration 27 September; contempt judgment finds implementable order not promptly followed.,**COUNTEREXAMPLE**<br>Counterexample to incumbent-only causation; activation authority is consequential,"G3:S24 (replication package) Read directly on 6 October 2026 from the original listed route: Selected original-document passages specified by locator; not cover-to-cover. paras 21–22,58–63; images of PDF pp.16,29<br>G3:S25 (replication package) Read directly on 6 October 2026 from the original listed route: Selected original-document passages specified by locator; not cover-to-cover. Executive Summary PDF pp.4–5, Introduction p.7 and limitations p.8<br>G3:S26 (replication package) Read directly on 6 October 2026 from the original listed route: Complete substantive statement or article body; not underlying documents reported by the article.<br>G3:WB (replication package) Checked on 6 October 2026: original classification page and selected historical country/year worksheet cells; the earlier access date in the reference is 4 October 2026.<br>Locators: Procurement/audit S25 Executive Summary PDF p.5; section 1.3.2, printed p.2 / PDF p.8, for audit-scope limitations only; readiness/nonimplementation S24 paras21(b)–22,58–59; restoration S26 opening"
G3-18,"DR Congo; Low income, FY20<br>Biometric passports<br>2015 agreement; May 2020 non-renewal announcement",Presidential sources said vendor refused price/protocol revision; government planned non-renewal at June expiry.,Not observed,Executive can decline renewal,Not observed,Not observed,President/executive; procurement route undecided.,Passport applicants.,Non-renewal announced; completed replacement and price effect not verified.,"Partial fit: resisted terms, uncertain fallback","G3:S27 (replication package) Read directly on 6 October 2026 from the original listed route: Complete substantive statement or article body; not underlying documents reported by the article.<br>G3:WB (replication package) Checked on 6 October 2026: original classification page and selected historical country/year worksheet cells; the earlier access date in the reference is 4 October 2026.<br>Locators: Article body paras 1–8, especially para 2 (price), 4 (protocol), 5 (history) and 6 (planned non-renewal)"
G3-19,"Sierra Leone; Low income, FY20<br>Electronic passports<br>2014 contract; 2015–2018 audit period; August 2019 exchange-rate comparison","Fixed local-currency fee reduced vendor dollar proceeds; audit warned of future nonperformance/litigation, not an observed new threat.",No fallback investment established,Government retains fee policy; applicants do not,Management reported no passport shortages since the award; successor not shown,Applicants financed via fees; transition reserve unobserved.,Internal Affairs Ministry with central bank/procurement authority consultation.,Passport users and suppliers exposed to currency movements.,Management proposed adjusted fee; said no shortages since contract award; audit verified proposed release only.,**BOUNDARY DIAGNOSTIC — excluded from episode count**<br>Boundary: supplier weaker under FX; withdrawal risk is prospective,"G3:S28 (replication package) Read directly on 6 October 2026 from the original listed route: Selected original-document passages specified by locator; not cover-to-cover. §3.1.1 printed pp.14–15<br>G3:WB (replication package) Checked on 6 October 2026: original classification page and selected historical country/year worksheet cells; the earlier access date in the reference is 4 October 2026.<br>Locators: §3.1.1 printed pp.14–15, including management response and auditor comment"
G3-20,"Liberia; Low income, FY20<br>Biometric passport supply and personalisation<br>2017 extension; January–July 2019 fee/stock dispute",Supplier reportedly resisted $50 to $45 user-fee cut unless ministry bore loss; government alleged repeated shortages and breaches.,"Emergency finance, not pre-funded fallback",Ministry refusal/withheld escrow; applicant power not shown,Emergency supply observed; whole-system replacement unknown,Government emergency purchase; amount unknown.,Foreign Ministry issued cancellation notice and stopped escrow payments pending audit.,"Passport applicants, diaspora and taxpayers.",Emergency quantities reportedly delivered; cancellation meeting planned; final contract exit unverified.,Partial fit: price resistance plus government counter-leverage,G3:S29 (replication package) Read directly on 6 October 2026 from the original listed route: Relevant original article/statement passages; not cover-to-cover or the underlying reported documents.<br>G3:WB (replication package) Checked on 6 October 2026: original classification page and selected historical country/year worksheet cells; the earlier access date in the reference is 4 October 2026.<br>Locators: 100 Percent Proceeds; Cancellation Notice; USD50 to USD45 sections
G3-21,"Nepal; Lower middle income, FY23<br>Digitally registered embossed vehicle plates<br>2016 award; August–December 2022 language dispute; December 2023 volume pressure",Supplier reportedly sought extra $6m for Nepali lettering; later pressed rollout under reported minimum-compensation provision.,Not observed,State chose specification; affected owners had no demonstrated veto,Retained system; interchangeable replacement not established,State/vehicle-owner fees; independent fallback funding unknown.,Transport Ministry and Department of Transport Management.,Vehicle owners and taxpayers.,English design retained December 2022; compulsory installation pursued; eventual compensation not verified.,Partial fit/boundary: requested scope change is not unilateral same-service price hike,G3:S30 (replication package) Read directly on 6 October 2026 from the original listed route: Complete substantive statement or article body; not underlying documents reported by the article.<br>G3:S31 (replication package) Read directly on 6 October 2026 from the original listed route: Complete substantive statement or article body; not underlying documents reported by the article.<br>G3:S32 (replication package) Read directly on 6 October 2026 from the original listed route: Complete substantive statement or article body; not underlying documents reported by the article.<br>G3:WB (replication package) Checked on 6 October 2026: original classification page and selected historical country/year worksheet cells; the earlier access date in the reference is 4 October 2026.<br>Locators: Price S30 paras1–4; decision S31 paras1–5; pressure/penalty S32 paras1–6
G3-22,"Rwanda; Low income, FY24<br>Public-linked virtual primary care<br>2020 ten-year partnership; August 2023 winding-down notice; cessation in 2023 reported later",Parent financing failure led to winding-down notice; no strategic price threat established.,Incumbent finance is not contingency finance,No demonstrated government power to compel financially viable continuation,Not established,Foundation/state partnership supported incumbent; fallback payer unknown.,Supplier leadership announced wind-down; Ministry role in replacement unverified.,Patients relying on remote consultations.,Coalition summary says service ceased in 2023 due to bankruptcy.,Boundary: insolvency risk differs from profitable harmful-offer mechanism,"G3:S33 (replication package) Read at one remove on 6 October 2026; the page itself was not viewed.<br>G3:S34 (replication package) Read directly on 6 October 2026 from the original listed route: Complete publication summary only; linked case report unread.<br>G3:WB (replication package) Checked on 6 October 2026: original classification page and selected historical country/year worksheet cells; the earlier access date in the reference is 4 October 2026.<br>Locators: S33 partnership/users, employee email, grants and no financial breakout paragraphs; S34 full summary"
G3-23,"Malaysia; Upper middle income, FY19<br>National Immigration Control System (SKIN)<br>2017 award; December 2018 cancellation; 2019 claim; March–May 2025 settlement",Supplier sued after cost-cutting cancellation; no supplier unilateral new term established.,Not established,Government cancellation; supplier legal compensation,No replacement performance measurement,Government settlement; fallback build spending unknown.,Federal government cancelled; Court of Appeal consent settlement.,"Immigration users, taxpayers and contractor.",Final settlement received 14 May 2025 according to corporate filing report.,**COUNTEREXAMPLE**<br>Weaker-supplier counterexample; exit can have measured fiscal cost,G3:S35 (replication package) Read directly on 6 October 2026 from the original listed route: Complete substantive statement or article body; not underlying documents reported by the article.<br>G3:WB (replication package) Checked on 6 October 2026: original classification page and selected historical country/year worksheet cells; the earlier access date in the reference is 4 October 2026.<br>Locators: Article body paras1–7
G3-24,"Malaysia; Upper middle income, FY24<br>National Integrated Immigration System (NIISe)<br>Termination notice dated 10 August 2023, received 14 August 2023, according to the public report",Public report says the supplier received a termination notice dated 10 August 2023 on 14 August 2023.,Not observed,Government issued termination notice (reported),Not established,Not observed,"Home Affairs Ministry issued the termination notice, according to the public opening report.",Immigration users and contractor/shareholders.,"Contract terminated by ministry letter dated 10 August 2023; the supplier's subsidiary disputed the termination by letter of 22 August 2023 as invalid and unlawful and reserved its legal rights; the supplier told shareholders the financial effect could not yet be ascertained (subsidiary assets RM98.81 million, liabilities RM29.34 million at 31 March 2023). Replacement and merits are not established.",**WEAKER-SUPPLIER COMPARISON**<br>Weaker-supplier comparison; distinct contract from SKIN,"G3:S36 (replication package) Read directly on 6 October 2026 at the issuer's site, where the file had moved: minutes pp. 6–7 and the annexure answers to Question 2 (PDF pp. 11–12); 16 PDF pages in all.<br>G3:S37 (replication package) Read directly on 6 October 2026 from the original listed route: Public opening two paragraphs only; remainder access-restricted and unread.<br>G3:WB (replication package) Checked on 6 October 2026: original classification page and selected historical country/year worksheet cells; the earlier access date in the reference is 4 October 2026.<br>Locators: S37 public opening paras 1–2 for the notice; S36 minutes p. 7 for the termination letter, annexure Question 2 (PDF pp. 11–12) for the dispute letter and the balance-sheet figures"
G3-25,"India; Lower middle income, FY16<br>KSRTC online bus reservation (AWATAR 2.0)<br>2011 AWATAR2 agreement; 2016 termination/transfer; 2018 arbitration; November 2021 judgment",Agency alleged incomplete source delivery; supplier sought to stop termination/competitor use of code and data.,Replacement timing observed; finance not isolated,Government contractual source rights; passengers lacked routine refusal authority,Transfer observed; comparative uptime/cost missing,KSRTC; independent build/operating amount unobserved.,KSRTC issued notice; court upheld arbitral disposition under limited review.,"Passengers, public authority and incumbent supplier.",Contract assigned source proprietary rights to KSRTC; supplier failed to establish transfer-related loss; both challenges dismissed.,**COUNTEREXAMPLE**<br>Partial fit with counterexample: source rights constrain incumbent,"G3:S38 (replication package) Read directly on 6 October 2026: paras 3–4,9,40–42,68, distinguishing pleadings, award and holdings.<br>G3:WB (replication package) Checked on 6 October 2026: original classification page and selected historical country/year worksheet cells; the earlier access date in the reference is 4 October 2026.<br>Locators: Pleadings paras3–4; award para9; holdings paras40–42; order para68"
G3-26,"Kenya; Lower middle income, FY20<br>Health Care Information Technology (HCIT) hospital network<br>October 2017 award; 2018–2019 stalled financing; November 2019 cancellation",Supplier sought government support letter to release financing; ministry disputed legal basis and cancelled for illegality/delay.,Uncompleted project finance; no fallback budget,Government refused disputed financing commitment,Not established,Contractor bank financing depended on support letter; fallback funding absent.,Health Principal Secretary cancelled on Attorney-General advice; supplier testified to Senate.,"Patients, hospital staff, taxpayers and supplier.",Cancellation letter and removal direction reported; ultimate merits/service outcome unverified.,Boundary/rival: procurement and supplier finance rather than incumbent price power,"G3:S39 (replication package) Read directly on 6 October 2026 from the original listed route: Relevant original article/statement passages; not cover-to-cover or the underlying reported documents.<br>G3:WB (replication package) Checked on 6 October 2026: original classification page and selected historical country/year worksheet cells; the earlier access date in the reference is 4 October 2026.<br>Locators: Opening cancellation paragraphs; Support letter section, equipment/financing and AG advisory paragraphs"
G3-27,"Philippines; Lower middle income, FY24<br>Automated election system procurement for 2025<br>29 November 2023 exclusion; April 2024 judicial reversal",Incumbent contested disqualification and sought injunction; no unilateral supplier term change established.,New procurement; not proven pre-funded fallback,State exclusion bounded by procurement rules,Successor award; delivery/performance not verified,COMELEC public procurement; transition allocation not isolated.,COMELEC excluded supplier; Supreme Court reversed exclusion while leaving Supplier B award standing.,"Voters, taxpayers and excluded supplier.",Future bidder eligibility restored; replacement award remained; actual 2025 election performance not established by 2024 sources.,**WEAKER-SUPPLIER COMPARISON**<br>Weaker-supplier comparison; future competition remedy differs from retaining incumbent service,G3:S40 (replication package) Read directly on 6 October 2026 from the original listed route: Complete substantive statement or article body; not underlying documents reported by the article.<br>G3:S41 (replication package) Read directly on 6 October 2026 from the original listed route: Complete substantive statement or article body; not underlying documents reported by the article.<br>G3:WB (replication package) Checked on 6 October 2026: original classification page and selected historical country/year worksheet cells; the earlier access date in the reference is 4 October 2026.<br>Locators: Exclusion and supplier response S40 section Comelec disqualifies Supplier A; decision and retained award S41 pp.1–2
