row,source_id,recorded_reading_scope,row_locators,check_scope
G3-01,G3:S01,Read directly on 6 October 2026 from the original listed route: Complete substantive statement or article body; not underlying documents reported by the article.,Action/arrears S02 partner and debt paragraphs; release/backlog/schedule S01 paras 1–4,Transcribed reading record; no new source adjudication
G3-01,G3:S02,Read directly on 6 October 2026 from the original listed route: Relevant original article/statement passages; not cover-to-cover or the underlying reported documents.,Action/arrears S02 partner and debt paragraphs; release/backlog/schedule S01 paras 1–4,Transcribed reading record; no new source adjudication
G3-01,G3:WB,Checked on 6 October 2026: original classification page and selected historical country/year worksheet cells; the earlier access date in the reference is 4 October 2026.,Action/arrears S02 partner and debt paragraphs; release/backlog/schedule S01 paras 1–4,Transcribed reading record; no new source adjudication
G3-02,G3:S03,Read directly on 6 October 2026 from the original listed route: Selected original-document passages specified by locator; not cover-to-cover. printed p.10,Claims/award S03 printed p.10; switch S04 opening paragraphs,Transcribed reading record; no new source adjudication
G3-02,G3:S04,Read directly on 6 October 2026 from the original listed route: Relevant original article/statement passages; not cover-to-cover or the underlying reported documents.,Claims/award S03 printed p.10; switch S04 opening paragraphs,Transcribed reading record; no new source adjudication
G3-02,G3:WB,Checked on 6 October 2026: original classification page and selected historical country/year worksheet cells; the earlier access date in the reference is 4 October 2026.,Claims/award S03 printed p.10; switch S04 opening paragraphs,Transcribed reading record; no new source adjudication
G3-03,G3:S05,Read directly on 6 October 2026 from the original listed route: Relevant original article/statement passages; not cover-to-cover or the underlying reported documents.,Action/costs S05 paras 1–7; replacement S04 opening paragraphs,Transcribed reading record; no new source adjudication
G3-03,G3:S04,Read directly on 6 October 2026 from the original listed route: Relevant original article/statement passages; not cover-to-cover or the underlying reported documents.,Action/costs S05 paras 1–7; replacement S04 opening paragraphs,Transcribed reading record; no new source adjudication
G3-03,G3:WB,Checked on 6 October 2026: original classification page and selected historical country/year worksheet cells; the earlier access date in the reference is 4 October 2026.,Action/costs S05 paras 1–7; replacement S04 opening paragraphs,Transcribed reading record; no new source adjudication
G3-04,G3:S06,Read directly on 6 October 2026 from the original listed route: Selected original-document passages specified by locator; not cover-to-cover. printed pp.38–39,Control/settlement S06 printed pp.38–39 items d–g; handover history S08 retrospective audit paragraphs; later response S07 paras 1–5,Transcribed reading record; no new source adjudication
G3-04,G3:S07,Read directly on 6 October 2026 from the original listed route: Complete substantive statement or article body; not underlying documents reported by the article.,Control/settlement S06 printed pp.38–39 items d–g; handover history S08 retrospective audit paragraphs; later response S07 paras 1–5,Transcribed reading record; no new source adjudication
G3-04,G3:S08,Read directly on 6 October 2026: handover in 2017 and agreement dated 13 January 2023.,Control/settlement S06 printed pp.38–39 items d–g; handover history S08 retrospective audit paragraphs; later response S07 paras 1–5,Transcribed reading record; no new source adjudication
G3-04,G3:WB,Checked on 6 October 2026: original classification page and selected historical country/year worksheet cells; the earlier access date in the reference is 4 October 2026.,Control/settlement S06 printed pp.38–39 items d–g; handover history S08 retrospective audit paragraphs; later response S07 paras 1–5,Transcribed reading record; no new source adjudication
G3-05,G3:S09,Read directly on 6 October 2026 from the original listed route: Complete substantive statement or article body; not underlying documents reported by the article.,Supplier response S09 handover/denial paragraphs; restoration/fee S10 statement paragraphs,Transcribed reading record; no new source adjudication
G3-05,G3:S10,Read directly on 6 October 2026 from the original listed route: Complete substantive statement or article body; not underlying documents reported by the article.,Supplier response S09 handover/denial paragraphs; restoration/fee S10 statement paragraphs,Transcribed reading record; no new source adjudication
G3-05,G3:WB,Checked on 6 October 2026: original classification page and selected historical country/year worksheet cells; the earlier access date in the reference is 4 October 2026.,Supplier response S09 handover/denial paragraphs; restoration/fee S10 statement paragraphs,Transcribed reading record; no new source adjudication
G3-06,G3:S11,Read directly on 6 October 2026 from the original listed route: Complete substantive statement or article body; not underlying documents reported by the article.,Complete article: spokesperson on BOT expiry; compensation/escrow and source-code paragraphs,Transcribed reading record; no new source adjudication
G3-06,G3:WB,Checked on 6 October 2026: original classification page and selected historical country/year worksheet cells; the earlier access date in the reference is 4 October 2026.,Complete article: spokesperson on BOT expiry; compensation/escrow and source-code paragraphs,Transcribed reading record; no new source adjudication
G3-07,G3:S12,Read directly on 6 October 2026 from a saved copy of the publisher's page: full article or release text.,Fee/refund/budget/alternative: CBN and Accountant-General testimony paragraphs,Transcribed reading record; no new source adjudication
G3-07,G3:WB,Checked on 6 October 2026: original classification page and selected historical country/year worksheet cells; the earlier access date in the reference is 4 October 2026.,Fee/refund/budget/alternative: CBN and Accountant-General testimony paragraphs,Transcribed reading record; no new source adjudication
G3-08,G3:S13,Read directly on 6 October 2026 from the original listed route: Selected original-document passages specified by locator; not cover-to-cover. printed pp.398–399,"S13: printed p.399, recommendations xii–xiv. S42: opening suspension paragraph; contractor-financed arrangement paragraphs; final July 2019 policy paragraphs.",Transcribed reading record; no new source adjudication
G3-08,G3:S42,Read directly on 6 October 2026 from the original listed route: Relevant original article/statement passages; not cover-to-cover or the underlying reported documents.,"S13: printed p.399, recommendations xii–xiv. S42: opening suspension paragraph; contractor-financed arrangement paragraphs; final July 2019 policy paragraphs.",Transcribed reading record; no new source adjudication
G3-08,G3:WB,Checked on 6 October 2026: original classification page and selected historical country/year worksheet cells; the earlier access date in the reference is 4 October 2026.,"S13: printed p.399, recommendations xii–xiv. S42: opening suspension paragraph; contractor-financed arrangement paragraphs; final July 2019 policy paragraphs.",Transcribed reading record; no new source adjudication
G3-09,G3:S14,Read directly on 6 October 2026 from the original listed route: Complete substantive statement or article body; not underlying documents reported by the article.,"Article body paras 1–9 and 11, excluding standfirst and related-story insert; termination/confidential-information litigation and enforcement paragraphs",Transcribed reading record; no new source adjudication
G3-09,G3:WB,Checked on 6 October 2026: original classification page and selected historical country/year worksheet cells; the earlier access date in the reference is 4 October 2026.,"Article body paras 1–9 and 11, excluding standfirst and related-story insert; termination/confidential-information litigation and enforcement paragraphs",Transcribed reading record; no new source adjudication
G3-10,G3:S13,Read directly on 6 October 2026 from the original listed route: Selected original-document passages specified by locator; not cover-to-cover. printed pp.398–399,"Printed p.398 recommendations i–v, viii–xi",Transcribed reading record; no new source adjudication
G3-10,G3:WB,Checked on 6 October 2026: original classification page and selected historical country/year worksheet cells; the earlier access date in the reference is 4 October 2026.,"Printed p.398 recommendations i–v, viii–xi",Transcribed reading record; no new source adjudication
G3-11,G3:S15,Read directly on 6 October 2026 from the original listed route: Complete substantive statement or article body; not underlying documents reported by the article.,"Opening code-delivery paragraphs; certification, reviewer estimate and supplier dispute passages",Transcribed reading record; no new source adjudication
G3-11,G3:WB,Checked on 6 October 2026: original classification page and selected historical country/year worksheet cells; the earlier access date in the reference is 4 October 2026.,"Opening code-delivery paragraphs; certification, reviewer estimate and supplier dispute passages",Transcribed reading record; no new source adjudication
G3-12,G3:S16,"Read directly on 6 October 2026 from the original listed route: Selected original-document passages specified by locator; not cover-to-cover. printed pp.8,66; programme sections at PDF pp.19,24","Budget/alternative S16 printed pp.8,23,66; section 2.2 (PDF p.19) and section 3.1.2.10 (printed p.23 / PDF p.24); charge/cash S17 printed p.54 and note 2.13 p.80",Transcribed reading record; no new source adjudication
G3-12,G3:S17,"Read directly on 6 October 2026 from the original listed route: Selected original-document passages specified by locator; not cover-to-cover. printed pp.54,80; contents consulted","Budget/alternative S16 printed pp.8,23,66; section 2.2 (PDF p.19) and section 3.1.2.10 (printed p.23 / PDF p.24); charge/cash S17 printed p.54 and note 2.13 p.80",Transcribed reading record; no new source adjudication
G3-12,G3:WB,Checked on 6 October 2026: original classification page and selected historical country/year worksheet cells; the earlier access date in the reference is 4 October 2026.,"Budget/alternative S16 printed pp.8,23,66; section 2.2 (PDF p.19) and section 3.1.2.10 (printed p.23 / PDF p.24); charge/cash S17 printed p.54 and note 2.13 p.80",Transcribed reading record; no new source adjudication
G3-13,G3:S18,"Read directly on 6 October 2026 from the original listed route: Selected original-document passages specified by locator; not cover-to-cover. paras 3–10,54–55 and final order; images of PDF pp.24–25","Paras 4–10,54–55; order paras 3(a)–(b)",Transcribed reading record; no new source adjudication
G3-13,G3:WB,Checked on 6 October 2026: original classification page and selected historical country/year worksheet cells; the earlier access date in the reference is 4 October 2026.,"Paras 4–10,54–55; order paras 3(a)–(b)",Transcribed reading record; no new source adjudication
G3-14,G3:S19,"Read directly on 6 October 2026 from the original listed route: Selected original-document passages specified by locator; not cover-to-cover. cover, order and paras 1–14,55–57; image of PDF p.5","Paras 3–4,10–11,55–57; dispositive order",Transcribed reading record; no new source adjudication
G3-14,G3:WB,Checked on 6 October 2026: original classification page and selected historical country/year worksheet cells; the earlier access date in the reference is 4 October 2026.,"Paras 3–4,10–11,55–57; dispositive order",Transcribed reading record; no new source adjudication
G3-15,G3:S20,"Read directly on 6 October 2026: contract cessation, Treasury recommendation and December 2018 litigation passages.","Pricing/outcome S20 Item3 dispute and Item7 overview; prior alternative/floor S21 paras10,14–18,22–24; payment/control S22 opening and safeguards paragraphs",Transcribed reading record; no new source adjudication
G3-15,G3:S21,"Read directly on 6 October 2026 from the original listed route: Selected original-document passages specified by locator; not cover-to-cover. paras 1–24, especially 10,14–18,22–24","Pricing/outcome S20 Item3 dispute and Item7 overview; prior alternative/floor S21 paras10,14–18,22–24; payment/control S22 opening and safeguards paragraphs",Transcribed reading record; no new source adjudication
G3-15,G3:S22,Read directly on 6 October 2026 from the original listed route: Relevant original article/statement passages; not cover-to-cover or the underlying reported documents.,"Pricing/outcome S20 Item3 dispute and Item7 overview; prior alternative/floor S21 paras10,14–18,22–24; payment/control S22 opening and safeguards paragraphs",Transcribed reading record; no new source adjudication
G3-15,G3:WB,Checked on 6 October 2026: original classification page and selected historical country/year worksheet cells; the earlier access date in the reference is 4 October 2026.,"Pricing/outcome S20 Item3 dispute and Item7 overview; prior alternative/floor S21 paras10,14–18,22–24; payment/control S22 opening and safeguards paragraphs",Transcribed reading record; no new source adjudication
G3-16,G3:S23,Read directly on 6 October 2026 from the original listed route: Complete substantive statement or article body; not underlying documents reported by the article.,"Official statement body paras 1–7, excluding contact/date lines",Transcribed reading record; no new source adjudication
G3-16,G3:WB,Checked on 6 October 2026: original classification page and selected historical country/year worksheet cells; the earlier access date in the reference is 4 October 2026.,"Official statement body paras 1–7, excluding contact/date lines",Transcribed reading record; no new source adjudication
G3-17,G3:S24,"Read directly on 6 October 2026 from the original listed route: Selected original-document passages specified by locator; not cover-to-cover. paras 21–22,58–63; images of PDF pp.16,29","Procurement/audit S25 Executive Summary PDF p.5; section 1.3.2, printed p.2 / PDF p.8, for audit-scope limitations only; readiness/nonimplementation S24 paras21(b)–22,58–59; restoration S26 opening",Transcribed reading record; no new source adjudication
G3-17,G3:S25,"Read directly on 6 October 2026 from the original listed route: Selected original-document passages specified by locator; not cover-to-cover. Executive Summary PDF pp.4–5, Introduction p.7 and limitations p.8","Procurement/audit S25 Executive Summary PDF p.5; section 1.3.2, printed p.2 / PDF p.8, for audit-scope limitations only; readiness/nonimplementation S24 paras21(b)–22,58–59; restoration S26 opening",Transcribed reading record; no new source adjudication
G3-17,G3:S26,Read directly on 6 October 2026 from the original listed route: Complete substantive statement or article body; not underlying documents reported by the article.,"Procurement/audit S25 Executive Summary PDF p.5; section 1.3.2, printed p.2 / PDF p.8, for audit-scope limitations only; readiness/nonimplementation S24 paras21(b)–22,58–59; restoration S26 opening",Transcribed reading record; no new source adjudication
G3-17,G3:WB,Checked on 6 October 2026: original classification page and selected historical country/year worksheet cells; the earlier access date in the reference is 4 October 2026.,"Procurement/audit S25 Executive Summary PDF p.5; section 1.3.2, printed p.2 / PDF p.8, for audit-scope limitations only; readiness/nonimplementation S24 paras21(b)–22,58–59; restoration S26 opening",Transcribed reading record; no new source adjudication
G3-18,G3:S27,Read directly on 6 October 2026 from the original listed route: Complete substantive statement or article body; not underlying documents reported by the article.,"Article body paras 1–8, especially para 2 (price), 4 (protocol), 5 (history) and 6 (planned non-renewal)",Transcribed reading record; no new source adjudication
G3-18,G3:WB,Checked on 6 October 2026: original classification page and selected historical country/year worksheet cells; the earlier access date in the reference is 4 October 2026.,"Article body paras 1–8, especially para 2 (price), 4 (protocol), 5 (history) and 6 (planned non-renewal)",Transcribed reading record; no new source adjudication
G3-19,G3:S28,Read directly on 6 October 2026 from the original listed route: Selected original-document passages specified by locator; not cover-to-cover. §3.1.1 printed pp.14–15,"§3.1.1 printed pp.14–15, including management response and auditor comment",Transcribed reading record; no new source adjudication
G3-19,G3:WB,Checked on 6 October 2026: original classification page and selected historical country/year worksheet cells; the earlier access date in the reference is 4 October 2026.,"§3.1.1 printed pp.14–15, including management response and auditor comment",Transcribed reading record; no new source adjudication
G3-20,G3:S29,Read directly on 6 October 2026 from the original listed route: Relevant original article/statement passages; not cover-to-cover or the underlying reported documents.,100 Percent Proceeds; Cancellation Notice; USD50 to USD45 sections,Transcribed reading record; no new source adjudication
G3-20,G3:WB,Checked on 6 October 2026: original classification page and selected historical country/year worksheet cells; the earlier access date in the reference is 4 October 2026.,100 Percent Proceeds; Cancellation Notice; USD50 to USD45 sections,Transcribed reading record; no new source adjudication
G3-21,G3:S30,Read directly on 6 October 2026 from the original listed route: Complete substantive statement or article body; not underlying documents reported by the article.,Price S30 paras1–4; decision S31 paras1–5; pressure/penalty S32 paras1–6,Transcribed reading record; no new source adjudication
G3-21,G3:S31,Read directly on 6 October 2026 from the original listed route: Complete substantive statement or article body; not underlying documents reported by the article.,Price S30 paras1–4; decision S31 paras1–5; pressure/penalty S32 paras1–6,Transcribed reading record; no new source adjudication
G3-21,G3:S32,Read directly on 6 October 2026 from the original listed route: Complete substantive statement or article body; not underlying documents reported by the article.,Price S30 paras1–4; decision S31 paras1–5; pressure/penalty S32 paras1–6,Transcribed reading record; no new source adjudication
G3-21,G3:WB,Checked on 6 October 2026: original classification page and selected historical country/year worksheet cells; the earlier access date in the reference is 4 October 2026.,Price S30 paras1–4; decision S31 paras1–5; pressure/penalty S32 paras1–6,Transcribed reading record; no new source adjudication
G3-22,G3:S33,Read at one remove on 6 October 2026; the page itself was not viewed.,"S33 partnership/users, employee email, grants and no financial breakout paragraphs; S34 full summary",Transcribed reading record; no new source adjudication
G3-22,G3:S34,Read directly on 6 October 2026 from the original listed route: Complete publication summary only; linked case report unread.,"S33 partnership/users, employee email, grants and no financial breakout paragraphs; S34 full summary",Transcribed reading record; no new source adjudication
G3-22,G3:WB,Checked on 6 October 2026: original classification page and selected historical country/year worksheet cells; the earlier access date in the reference is 4 October 2026.,"S33 partnership/users, employee email, grants and no financial breakout paragraphs; S34 full summary",Transcribed reading record; no new source adjudication
G3-23,G3:S35,Read directly on 6 October 2026 from the original listed route: Complete substantive statement or article body; not underlying documents reported by the article.,Article body paras1–7,Transcribed reading record; no new source adjudication
G3-23,G3:WB,Checked on 6 October 2026: original classification page and selected historical country/year worksheet cells; the earlier access date in the reference is 4 October 2026.,Article body paras1–7,Transcribed reading record; no new source adjudication
G3-24,G3:S36,"Read directly on 6 October 2026 at the issuer's site, where the file had moved: minutes pp. 6–7 and the annexure answers to Question 2 (PDF pp. 11–12); 16 PDF pages in all.","S37 public opening paras 1–2 for the notice; S36 minutes p. 7 for the termination letter, annexure Question 2 (PDF pp. 11–12) for the dispute letter and the balance-sheet figures",Transcribed reading record; no new source adjudication
G3-24,G3:S37,Read directly on 6 October 2026 from the original listed route: Public opening two paragraphs only; remainder access-restricted and unread.,"S37 public opening paras 1–2 for the notice; S36 minutes p. 7 for the termination letter, annexure Question 2 (PDF pp. 11–12) for the dispute letter and the balance-sheet figures",Transcribed reading record; no new source adjudication
G3-24,G3:WB,Checked on 6 October 2026: original classification page and selected historical country/year worksheet cells; the earlier access date in the reference is 4 October 2026.,"S37 public opening paras 1–2 for the notice; S36 minutes p. 7 for the termination letter, annexure Question 2 (PDF pp. 11–12) for the dispute letter and the balance-sheet figures",Transcribed reading record; no new source adjudication
G3-25,G3:S38,"Read directly on 6 October 2026: paras 3–4,9,40–42,68, distinguishing pleadings, award and holdings.",Pleadings paras3–4; award para9; holdings paras40–42; order para68,Transcribed reading record; no new source adjudication
G3-25,G3:WB,Checked on 6 October 2026: original classification page and selected historical country/year worksheet cells; the earlier access date in the reference is 4 October 2026.,Pleadings paras3–4; award para9; holdings paras40–42; order para68,Transcribed reading record; no new source adjudication
G3-26,G3:S39,Read directly on 6 October 2026 from the original listed route: Relevant original article/statement passages; not cover-to-cover or the underlying reported documents.,"Opening cancellation paragraphs; Support letter section, equipment/financing and AG advisory paragraphs",Transcribed reading record; no new source adjudication
G3-26,G3:WB,Checked on 6 October 2026: original classification page and selected historical country/year worksheet cells; the earlier access date in the reference is 4 October 2026.,"Opening cancellation paragraphs; Support letter section, equipment/financing and AG advisory paragraphs",Transcribed reading record; no new source adjudication
G3-27,G3:S40,Read directly on 6 October 2026 from the original listed route: Complete substantive statement or article body; not underlying documents reported by the article.,Exclusion and supplier response S40 section Comelec disqualifies Supplier A; decision and retained award S41 pp.1–2,Transcribed reading record; no new source adjudication
G3-27,G3:S41,Read directly on 6 October 2026 from the original listed route: Complete substantive statement or article body; not underlying documents reported by the article.,Exclusion and supplier response S40 section Comelec disqualifies Supplier A; decision and retained award S41 pp.1–2,Transcribed reading record; no new source adjudication
G3-27,G3:WB,Checked on 6 October 2026: original classification page and selected historical country/year worksheet cells; the earlier access date in the reference is 4 October 2026.,Exclusion and supplier response S40 section Comelec disqualifies Supplier A; decision and retained award S41 pp.1–2,Transcribed reading record; no new source adjudication
