id_contrato,provider_tag
CO1.PCCNTR.4371332,False
CO1.PCCNTR.4444613,False
CO1.PCCNTR.4575628,False
CO1.PCCNTR.4850424,False
CO1.PCCNTR.4886919,False
CO1.PCCNTR.4912858,False
CO1.PCCNTR.5141515,False
CO1.PCCNTR.5166219,False
CO1.PCCNTR.5234575,False
CO1.PCCNTR.5263616,False
CO1.PCCNTR.5368767,False
CO1.PCCNTR.5402078,False
CO1.PCCNTR.5423868,False
CO1.PCCNTR.5423876,False
CO1.PCCNTR.5526127,False
CO1.PCCNTR.5556914,False
CO1.PCCNTR.5592951,False
CO1.PCCNTR.5870297,False
CO1.PCCNTR.5939519,False
CO1.PCCNTR.6020821,False
CO1.PCCNTR.6110477,False
CO1.PCCNTR.6178531,True
CO1.PCCNTR.6201801,False
CO1.PCCNTR.6286393,False
CO1.PCCNTR.6304340,False
CO1.PCCNTR.6336678,False
CO1.PCCNTR.6370846,False
CO1.PCCNTR.6380956,False
CO1.PCCNTR.6407699,False
CO1.PCCNTR.6475838,True
CO1.PCCNTR.6480045,False
CO1.PCCNTR.6514478,False
CO1.PCCNTR.6545021,False
CO1.PCCNTR.6637405,False
CO1.PCCNTR.6643078,False
CO1.PCCNTR.6649510,False
CO1.PCCNTR.6654452,False
CO1.PCCNTR.6673509,False
CO1.PCCNTR.6693574,False
CO1.PCCNTR.6721656,False
CO1.PCCNTR.6762301,False
CO1.PCCNTR.6795741,False
CO1.PCCNTR.6838928,False
CO1.PCCNTR.6847567,False
CO1.PCCNTR.6880448,False
CO1.PCCNTR.6917443,True
CO1.PCCNTR.6921826,False
CO1.PCCNTR.6927267,False
CO1.PCCNTR.6947155,False
CO1.PCCNTR.6953440,False
CO1.PCCNTR.6993304,False
CO1.PCCNTR.7015205,False
CO1.PCCNTR.7017627,False
CO1.PCCNTR.7030880,True
CO1.PCCNTR.7032699,False
CO1.PCCNTR.7033250,False
CO1.PCCNTR.7037705,False
CO1.PCCNTR.7047594,False
CO1.PCCNTR.7076121,False
CO1.PCCNTR.7088793,False
CO1.PCCNTR.7114609,False
CO1.PCCNTR.7130162,False
CO1.PCCNTR.7135967,True
CO1.PCCNTR.7138577,False
CO1.PCCNTR.7142021,True
CO1.PCCNTR.7143560,False
CO1.PCCNTR.7147301,False
CO1.PCCNTR.7155629,False
CO1.PCCNTR.7155753,False
CO1.PCCNTR.7157061,False
CO1.PCCNTR.7161717,True
CO1.PCCNTR.7168882,False
CO1.PCCNTR.7175342,False
CO1.PCCNTR.7204372,False
CO1.PCCNTR.7301208,False
CO1.PCCNTR.7395510,True
CO1.PCCNTR.7437119,False
CO1.PCCNTR.7572361,True
CO1.PCCNTR.7654051,False
CO1.PCCNTR.7707194,False
CO1.PCCNTR.7738821,False
CO1.PCCNTR.7766441,False
CO1.PCCNTR.7776267,False
CO1.PCCNTR.7809378,True
CO1.PCCNTR.7812435,False
CO1.PCCNTR.7843818,False
CO1.PCCNTR.7873264,True
CO1.PCCNTR.7879071,False
CO1.PCCNTR.7933818,False
CO1.PCCNTR.7947861,False
CO1.PCCNTR.7966543,False
CO1.PCCNTR.8056283,False
CO1.PCCNTR.8091986,False
CO1.PCCNTR.8117117,False
CO1.PCCNTR.8121227,False
CO1.PCCNTR.8123901,False
CO1.PCCNTR.8139132,False
CO1.PCCNTR.8144243,False
CO1.PCCNTR.8183147,False
CO1.PCCNTR.8219147,False
CO1.PCCNTR.8236117,False
CO1.PCCNTR.8240386,False
CO1.PCCNTR.8245346,False
CO1.PCCNTR.8251912,False
CO1.PCCNTR.8257009,False
CO1.PCCNTR.8268347,False
CO1.PCCNTR.8289739,False
CO1.PCCNTR.8302359,False
CO1.PCCNTR.8320123,False
CO1.PCCNTR.8331679,False
CO1.PCCNTR.8335794,False
CO1.PCCNTR.8365521,False
CO1.PCCNTR.8386549,True
CO1.PCCNTR.8391484,False
CO1.PCCNTR.8414297,False
CO1.PCCNTR.8435025,False
CO1.PCCNTR.8435919,False
CO1.PCCNTR.8443063,False
CO1.PCCNTR.8454529,False
CO1.PCCNTR.8467126,False
CO1.PCCNTR.8484906,False
CO1.PCCNTR.8502760,True
CO1.PCCNTR.8510222,False
CO1.PCCNTR.8520398,False
CO1.PCCNTR.8536408,False
CO1.PCCNTR.8536891,False
CO1.PCCNTR.8561114,False
CO1.PCCNTR.8566210,False
CO1.PCCNTR.8575857,False
CO1.PCCNTR.8581036,False
CO1.PCCNTR.8581226,False
CO1.PCCNTR.8581807,False
CO1.PCCNTR.8606936,False
CO1.PCCNTR.8622937,False
CO1.PCCNTR.8631274,False
CO1.PCCNTR.8638878,False
CO1.PCCNTR.8646120,False
CO1.PCCNTR.8647924,False
CO1.PCCNTR.8664613,False
CO1.PCCNTR.8681262,False
CO1.PCCNTR.8685308,False
CO1.PCCNTR.8689685,False
CO1.PCCNTR.8693345,False
CO1.PCCNTR.8696612,False
CO1.PCCNTR.8700273,False
CO1.PCCNTR.8713120,False
CO1.PCCNTR.8717292,False
CO1.PCCNTR.8728024,False
CO1.PCCNTR.8734083,True
CO1.PCCNTR.8746014,False
CO1.PCCNTR.8797043,False
CO1.PCCNTR.8909753,False
CO1.PCCNTR.8934986,False
CO1.PCCNTR.9013679,False
CO1.PCCNTR.9070746,False
CO1.PCCNTR.9087943,False
CO1.PCCNTR.9149193,False
CO1.PCCNTR.9187608,False
CO1.PCCNTR.9249490,False
CO1.PCCNTR.9278847,True
CO1.PCCNTR.9339266,False
CO1.PCCNTR.9538630,True
CO1.PCCNTR.9562287,False
CO1.PCCNTR.9591024,False
CO1.PCCNTR.9595033,False
CO1.PCCNTR.9616808,False
CO1.PCCNTR.9626849,False
CO1.PCCNTR.9669977,False
CO1.PCCNTR.9675107,False
CO1.PCCNTR.9691250,False
CO1.PCCNTR.9692971,False
CO1.PCCNTR.9705237,False
CO1.PCCNTR.9720626,False
CO1.PCCNTR.9723598,False
CO1.PCCNTR.9755620,False
CO1.PCCNTR.9756196,False
CO1.PCCNTR.9792828,False
CO1.PCCNTR.9868703,False
CO1.PCCNTR.9928393,False
CO1.PCCNTR.9971469,False
CO1.PCCNTR.9972452,False
CO1.PCCNTR.9975048,False
CO1.PCCNTR.9985078,True
