id_contrato,category,foreign,date,n_prior_same_supplier,n_later_same_supplier,later_direct,direct
CO1.PCCNTR.5939519,ai_product_or_platform,False,2024-02-19,1,0,0,True
CO1.PCCNTR.6917443,ai_product_or_platform,True,2024-10-21,0,0,0,False
CO1.PCCNTR.5234575,ai_product_or_platform,False,2023-07-19,6,3,1,True
CO1.PCCNTR.8536891,ai_product_or_platform,False,2025-11-04,0,0,0,False
CO1.PCCNTR.8622937,ai_product_or_platform,False,2025-11-21,2,0,0,True
CO1.PCCNTR.7947861,ai_product_or_platform,False,2025-06-05,1,0,0,False
CO1.PCCNTR.7138577,ai_product_or_platform,False,2024-12-18,1,1,0,False
CO1.PCCNTR.8091986,ai_development_service,False,2025-07-16,1,0,0,True
CO1.PCCNTR.7032699,ai_product_or_platform,False,2024-11-20,0,0,0,True
CO1.PCCNTR.9616808,ai_product_or_platform,False,2026-07-06,1,0,0,False
CO1.PCCNTR.7130162,ai_product_or_platform,False,2024-12-10,4,2,0,True
CO1.PCCNTR.9755620,ai_product_or_platform,False,2026-08-13,5,0,0,False
CO1.PCCNTR.8566210,ai_development_service,False,2025-11-18,3,0,0,True
CO1.PCCNTR.9216238,cloud_or_software_nonAI,True,2026-01-28,1,0,0,True
CO1.PCCNTR.6286393,ai_product_or_platform,False,2024-05-08,1,5,4,True
CO1.PCCNTR.9723598,ai_development_service,False,2026-07-28,7,0,0,True
CO1.PCCNTR.7812435,ai_development_service,False,2025-04-25,5,1,0,True
CO1.PCCNTR.6637405,ai_development_service,False,2024-08-14,30,19,19,True
CO1.PCCNTR.6947155,ai_product_or_platform,False,2024-11-05,496,6,0,False
CO1.PCCNTR.8575857,ai_development_service,False,2025-11-14,10,0,0,True
CO1.PCCNTR.8245346,ai_product_or_platform,False,2025-08-28,0,0,0,False
CO1.PCCNTR.8123901,ai_development_service,False,2025-07-25,2,0,0,False
CO1.PCCNTR.7395510,ai_development_service,True,2025-02-04,7,1,0,False
CO1.PCCNTR.7572361,ai_development_service,True,2025-02-28,2,2,2,True
CO1.PCCNTR.8454529,ai_product_or_platform,False,2025-10-15,0,1,1,True
CO1.PCCNTR.8414297,ai_development_service,False,2025-10-03,3,0,0,True
CO1.PCCNTR.7114609,ai_product_or_platform,False,2024-12-09,0,1,0,False
CO1.PCCNTR.8681262,ai_product_or_platform,False,2025-12-11,9,1,0,False
CO1.PCCNTR.7707194,ai_product_or_platform,False,2025-03-31,5,0,0,False
CO1.PCCNTR.9070746,ai_product_or_platform,False,2026-02-04,4,1,0,False
CO1.PCCNTR.6649510,ai_development_service,False,2024-08-15,6,0,0,True
CO1.PCCNTR.8700273,ai_product_or_platform,False,2025-12-12,1,0,0,False
CO1.PCCNTR.9538630,ai_product_or_platform,True,2026-06-01,0,0,0,False
CO1.PCCNTR.8443063,ai_development_service,False,2025-11-05,0,0,0,False
CO1.PCCNTR.6407699,ai_product_or_platform,True,2024-06-12,0,0,0,True
CO1.PCCNTR.9087943,ai_development_service,False,2026-01-24,1,1,0,False
CO1.PCCNTR.7143560,ai_development_service,False,2024-12-16,7,0,0,True
CO1.PCCNTR.8581807,ai_development_service,False,2025-11-13,1,0,0,True
CO1.PCCNTR.8646120,ai_product_or_platform,False,2025-12-02,4,0,0,False
CO1.PCCNTR.8320123,ai_development_service,False,2025-09-15,0,0,0,False
CO1.PCCNTR.4912858,ai_product_or_platform,False,2023-04-28,0,0,0,True
CO1.PCCNTR.8561114,ai_product_or_platform,True,2025-11-14,11,1,0,False
CO1.PCCNTR.8743446,ai_product_or_platform,False,2025-12-30,0,0,0,True
CO1.PCCNTR.8144243,ai_product_or_platform,False,2025-07-30,0,0,0,True
CO1.PCCNTR.5423876,ai_product_or_platform,False,2023-09-29,0,13,0,False
CO1.PCCNTR.8647924,ai_development_service,False,2025-12-02,0,0,0,False
CO1.PCCNTR.7843818,ai_development_service,False,2025-05-14,1,1,0,False
CO1.PCCNTR.6721656,ai_product_or_platform,True,2024-09-10,4,5,0,False
CO1.PCCNTR.6673509,ai_product_or_platform,False,2024-08-28,0,2,2,True
CO1.PCCNTR.7017627,ai_product_or_platform,False,2024-11-25,0,0,0,False
CO1.PCCNTR.9692971,ai_product_or_platform,False,2026-07-21,16,1,1,True
CO1.PCCNTR.6545021,ai_product_or_platform,False,2024-07-19,10,7,7,True
CO1.PCCNTR.7738821,ai_product_or_platform,False,2025-04-08,12,5,5,True
CO1.PCCNTR.8219147,ai_development_service,False,2025-09-02,0,0,0,False
CO1.PCCNTR.8139132,ai_development_service,False,2025-07-29,8,0,0,True
CO1.PCCNTR.9187608,ai_development_service,False,2026-01-27,7,0,0,True
CO1.PCCNTR.6762301,ai_product_or_platform,False,2024-09-17,0,0,0,True
CO1.PCCNTR.9669977,ai_product_or_platform,False,2026-07-16,0,0,0,True
CO1.PCCNTR.7157061,ai_development_service,False,2024-12-19,0,1,1,True
CO1.PCCNTR.8689685,ai_development_service,False,2025-12-09,0,0,0,True
CO1.PCCNTR.9971469,ai_product_or_platform,False,2026-09-25,1,0,0,True
CO1.PCCNTR.6693574,ai_development_service,False,2024-09-17,5,0,0,True
CO1.PCCNTR.8713120,ai_development_service,False,2025-12-19,0,0,0,True
CO1.PCCNTR.8734083,ai_product_or_platform,True,2025-12-29,3,1,0,False
CO1.PCCNTR.8183147,ai_development_service,False,2025-08-12,0,1,1,True
CO1.PCCNTR.6399924,ai_development_service,False,2024-06-04,0,0,0,True
CO1.PCCNTR.8289739,ai_development_service,False,2025-09-05,6,0,0,True
CO1.PCCNTR.6927267,ai_development_service,False,2024-10-22,0,1,1,True
CO1.PCCNTR.8685308,ai_development_service,False,2025-12-10,5,1,1,True
CO1.PCCNTR.5870297,ai_product_or_platform,False,2024-02-01,2,3,0,False
CO1.PCCNTR.8773945,cloud_or_software_nonAI,True,2026-01-06,2,0,0,False
CO1.PCCNTR.5166219,ai_product_or_platform,False,2023-07-05,1,4,0,False
CO1.PCCNTR.7076121,ai_development_service,False,2024-11-28,1,1,0,False
CO1.PCCNTR.8696612,ai_product_or_platform,False,2025-12-11,1,0,0,False
CO1.PCCNTR.9149193,ai_product_or_platform,False,2026-01-28,5,0,0,True
CO1.PCCNTR.5423868,ai_development_service,False,2023-09-29,0,13,0,False
CO1.PCCNTR.8581036,ai_development_service,False,2025-11-13,0,0,0,True
CO1.PCCNTR.8581226,ai_product_or_platform,False,2025-11-14,14,3,3,True
CO1.PCCNTR.8797043,ai_product_or_platform,False,2026-01-09,6,0,0,True
CO1.PCCNTR.9249490,ai_product_or_platform,True,2026-01-30,2,0,0,True
CO1.PCCNTR.8121227,ai_development_service,False,2025-07-24,2,0,0,False
CO1.PCCNTR.8510222,ai_development_service,False,2025-10-29,0,0,0,False
CO1.PCCNTR.9562287,ai_product_or_platform,False,2026-06-12,0,0,0,False
CO1.PCCNTR.9792828,ai_development_service,False,2026-08-11,0,0,0,False
CO1.PCCNTR.8484906,ai_product_or_platform,True,2025-10-23,0,0,0,True
CO1.PCCNTR.6480045,ai_product_or_platform,False,2024-06-28,7,2,0,True
CO1.PCCNTR.8257009,ai_development_service,False,2025-08-29,0,1,0,False
CO1.PCCNTR.9705237,ai_development_service,False,2026-07-23,0,0,0,True
CO1.PCCNTR.9675107,ai_product_or_platform,False,2026-07-24,0,0,0,False
CO1.PCCNTR.6953440,ai_development_service,False,2024-10-25,1,0,0,True
CO1.PCCNTR.6475838,ai_product_or_platform,True,2024-06-28,0,1,1,True
CO1.PCCNTR.7037705,ai_product_or_platform,False,2024-11-19,0,0,0,False
CO1.PCCNTR.8606936,ai_development_service,False,2025-11-21,0,0,0,False
CO1.PCCNTR.9928393,ai_product_or_platform,False,2026-09-11,1,0,0,True
CO1.PCCNTR.8520398,ai_development_service,False,2025-10-31,0,1,1,True
CO1.PCCNTR.8335794,ai_development_service,False,2025-09-26,0,0,0,True
CO1.PCCNTR.7766441,ai_development_service,False,2025-04-09,2,1,1,True
CO1.PCCNTR.7873264,ai_product_or_platform,True,2025-05-15,0,0,0,False
CO1.PCCNTR.7155629,ai_development_service,False,2024-12-19,7,0,0,True
CO1.PCCNTR.7437119,ai_product_or_platform,False,2025-02-07,6,1,1,True
CO1.PCCNTR.6178531,ai_development_service,True,2024-04-05,0,4,4,True
CO1.PCCNTR.6201801,ai_product_or_platform,False,2024-04-17,2,0,0,False
CO1.PCCNTR.8268347,ai_development_service,False,2025-09-02,2,0,0,False
CO1.PCCNTR.7047594,ai_product_or_platform,False,2024-11-20,0,0,0,True
CO1.PCCNTR.9720626,ai_product_or_platform,False,2026-07-28,0,0,0,False
CO1.PCCNTR.4886919,ai_product_or_platform,False,2023-04-25,4,1,0,False
CO1.PCCNTR.7966543,ai_development_service,False,2025-06-11,9,0,0,True
CO1.PCCNTR.9591024,ai_product_or_platform,False,2026-06-25,1,0,0,True
CO1.PCCNTR.6110477,ai_development_service,False,2024-03-19,4,2,0,False
CO1.PCCNTR.9972452,ai_development_service,False,2026-09-25,24,0,0,True
CO1.PCCNTR.8536408,ai_development_service,False,2025-11-04,5,2,2,True
CO1.PCCNTR.8302359,ai_product_or_platform,False,2025-09-10,0,1,1,True
CO1.PCCNTR.9626849,ai_development_service,False,2026-07-07,1,0,0,True
CO1.PCCNTR.6795741,ai_development_service,False,2024-09-23,0,0,0,False
CO1.PCCNTR.9013679,ai_product_or_platform,False,2026-01-21,7,0,0,True
CO1.PCCNTR.6020821,ai_product_or_platform,False,2024-02-28,2,3,0,False
CO1.PCCNTR.8909753,ai_development_service,False,2026-01-16,1,0,0,True
CO1.PCCNTR.5526127,ai_product_or_platform,False,2023-11-17,0,2,0,False
CO1.PCCNTR.7879071,ai_product_or_platform,False,2025-05-29,0,0,0,True
CO1.PCCNTR.9975048,ai_development_service,False,2026-09-23,2,0,0,True
CO1.PCCNTR.4444613,ai_development_service,False,2023-01-19,1,4,0,False
CO1.PCCNTR.4575628,ai_development_service,False,2023-02-07,2,6,3,True
CO1.PCCNTR.6921826,ai_development_service,False,2024-10-23,2,1,1,True
CO1.PCCNTR.6880448,ai_development_service,False,2024-10-11,0,0,0,False
CO1.PCCNTR.8391484,ai_product_or_platform,False,2025-10-03,21,24,0,False
CO1.PCCNTR.5556914,ai_product_or_platform,False,2023-11-22,1,0,0,False
CO1.PCCNTR.9756196,ai_development_service,False,2026-08-06,44,1,1,True
CO1.PCCNTR.8717292,ai_product_or_platform,False,2025-12-24,2,0,0,False
CO1.PCCNTR.8693345,ai_development_service,False,2025-12-11,0,1,1,True
CO1.PCCNTR.9868703,ai_development_service,False,2026-08-28,1,0,0,True
CO1.PCCNTR.8934986,ai_development_service,False,2026-01-16,3,0,0,True
CO1.PCCNTR.6847567,ai_development_service,False,2024-10-03,0,0,0,False
CO1.PCCNTR.5402078,ai_development_service,False,2023-09-22,3,0,0,True
CO1.PCCNTR.8435025,ai_product_or_platform,True,2025-10-16,0,0,0,False
CO1.PCCNTR.8664613,ai_product_or_platform,False,2025-12-05,29,4,4,True
CO1.PCCNTR.4371332,ai_product_or_platform,False,2023-01-05,0,5,0,False
CO1.PCCNTR.7147301,ai_product_or_platform,False,2024-12-19,0,1,0,False
CO1.PCCNTR.8240386,ai_development_service,False,2025-08-28,1,0,0,True
CO1.PCCNTR.7033250,ai_development_service,False,2024-11-15,0,1,1,True
CO1.PCCNTR.6514478,ai_development_service,False,2024-07-12,1,2,2,True
CO1.PCCNTR.7301208,ai_product_or_platform,False,2025-01-24,3,2,0,False
CO1.PCCNTR.7155753,ai_development_service,False,2024-12-18,0,2,0,False
CO1.PCCNTR.8638878,ai_product_or_platform,False,2025-11-27,6,0,0,False
CO1.PCCNTR.5141515,ai_product_or_platform,False,2023-06-27,2,2,2,True
CO1.PCCNTR.8467126,ai_product_or_platform,False,2025-10-20,1,0,0,True
CO1.PCCNTR.6304340,ai_product_or_platform,False,2024-05-08,4,1,0,True
CO1.PCCNTR.7204372,ai_product_or_platform,False,2025-01-07,2,2,0,False
CO1.PCCNTR.6838928,ai_product_or_platform,False,2024-10-01,1,1,1,True
CO1.PCCNTR.8117117,ai_product_or_platform,False,2025-07-24,7,0,0,True
CO1.PCCNTR.8056283,ai_product_or_platform,False,2025-07-08,1,0,0,False
CO1.PCCNTR.8435919,ai_product_or_platform,False,2025-10-09,2,0,0,False
CO1.PCCNTR.6654452,ai_product_or_platform,False,2024-08-16,1,3,0,False
CO1.PCCNTR.8251912,ai_development_service,False,2025-09-01,0,0,0,True
CO1.PCCNTR.8767299,cloud_or_software_nonAI,False,2026-01-06,4,0,0,False
CO1.PCCNTR.6336678,ai_product_or_platform,False,2024-05-16,0,4,0,False
CO1.PCCNTR.6583693,cloud_or_software_nonAI,False,2024-07-31,201,52,52,True
CO1.PCCNTR.6370846,ai_product_or_platform,False,2024-05-27,0,0,0,False
CO1.PCCNTR.7015205,ai_product_or_platform,False,2024-11-20,0,2,2,False
CO1.PCCNTR.7776267,ai_product_or_platform,False,2025-04-11,3,1,1,True
CO1.PCCNTR.8236117,ai_product_or_platform,False,2025-08-26,5,0,0,False
CO1.PCCNTR.7175342,ai_development_service,False,2024-12-30,1,1,1,False
CO1.PCCNTR.6380956,ai_product_or_platform,False,2024-05-29,195,58,58,True
CO1.PCCNTR.7654051,ai_product_or_platform,False,2025-03-14,0,0,0,False
CO1.PCCNTR.7809378,ai_development_service,True,2025-04-25,1,2,0,True
CO1.PCCNTR.5592951,ai_product_or_platform,False,2023-11-28,2,2,2,True
CO1.PCCNTR.4850424,ai_product_or_platform,False,2023-04-14,2,0,0,True
CO1.PCCNTR.5263616,ai_product_or_platform,False,2023-08-01,3,2,1,True
CO1.PCCNTR.8746014,ai_product_or_platform,False,2025-12-30,2,0,0,False
CO1.PCCNTR.6993304,ai_product_or_platform,False,2024-11-08,0,1,1,False
CO1.PCCNTR.9339266,ai_product_or_platform,False,2026-02-17,5,0,0,False
CO1.PCCNTR.9595033,ai_product_or_platform,False,2026-06-30,1,0,0,False
CO1.PCCNTR.8631274,ai_product_or_platform,False,2025-11-25,2,0,0,True
CO1.PCCNTR.8365521,ai_product_or_platform,False,2025-09-25,0,0,0,False
CO1.PCCNTR.7933818,ai_product_or_platform,False,2025-05-30,225,26,26,True
CO1.PCCNTR.7088793,ai_development_service,False,2024-12-02,3,1,1,True
CO1.PCCNTR.9691250,ai_product_or_platform,False,2026-07-21,4,0,0,True
CO1.PCCNTR.8331679,ai_product_or_platform,False,2025-09-16,3,1,0,False
CO1.PCCNTR.6809379,cloud_or_software_nonAI,True,2024-09-30,0,1,1,False
CO1.PCCNTR.9381067,cloud_or_software_nonAI,True,2026-03-06,0,0,0,False
CO1.PCCNTR.8378899,cloud_or_software_nonAI,True,2025-10-01,1,0,0,False
CO1.PCCNTR.8554186,cloud_or_software_nonAI,True,2025-11-07,0,0,0,False
CO1.PCCNTR.7646546,cloud_or_software_nonAI,True,2025-03-14,6,2,2,True
CO1.PCCNTR.8700221,cloud_or_software_nonAI,True,2025-12-19,1,0,0,False
CO1.PCCNTR.5896160,cloud_or_software_nonAI,True,2024-02-06,3,5,5,True
CO1.PCCNTR.8746327,cloud_or_software_nonAI,True,2025-12-31,2,0,0,False
CO1.PCCNTR.8744209,cloud_or_software_nonAI,True,2025-12-30,3,1,1,True
CO1.PCCNTR.8716585,cloud_or_software_nonAI,True,2025-12-23,1,0,0,False
CO1.PCCNTR.5575801,cloud_or_software_nonAI,True,2023-11-24,0,0,0,True
CO1.PCCNTR.8124266,cloud_or_software_nonAI,True,2025-07-28,2,0,0,True
CO1.PCCNTR.7734611,cloud_or_software_nonAI,True,2025-04-04,4,2,0,False
CO1.PCCNTR.8731545,cloud_or_software_nonAI,True,2025-12-29,0,0,0,True
CO1.PCCNTR.8481684,cloud_or_software_nonAI,True,2025-10-22,1,1,1,True
CO1.PCCNTR.8596460,cloud_or_software_nonAI,True,2025-11-19,0,0,0,False
CO1.PCCNTR.7880624,cloud_or_software_nonAI,True,2025-05-19,8,1,1,True
CO1.PCCNTR.8871449,cloud_or_software_nonAI,True,2026-01-14,7,1,1,True
CO1.PCCNTR.5991105,cloud_or_software_nonAI,True,2024-02-22,4,2,2,True
CO1.PCCNTR.8695969,cloud_or_software_nonAI,True,2025-12-11,0,0,0,False
CO1.PCCNTR.7639238,cloud_or_software_nonAI,True,2025-03-12,5,1,1,True
CO1.PCCNTR.6249619,cloud_or_software_nonAI,True,2024-04-24,0,4,0,False
CO1.PCCNTR.9901259,cloud_or_software_nonAI,True,2026-09-04,8,0,0,True
CO1.PCCNTR.7942636,cloud_or_software_nonAI,True,2025-06-04,2,1,1,True
CO1.PCCNTR.5548833,cloud_or_software_nonAI,True,2023-11-21,2,6,6,True
CO1.PCCNTR.8726127,cloud_or_software_nonAI,True,2025-12-24,2,1,0,False
CO1.PCCNTR.9067330,cloud_or_software_nonAI,True,2026-01-26,6,0,0,True
CO1.PCCNTR.6454444,cloud_or_software_nonAI,True,2024-06-25,1,4,2,True
CO1.PCCNTR.9366801,cloud_or_software_nonAI,True,2026-03-04,0,0,0,False
CO1.PCCNTR.8481200,cloud_or_software_nonAI,True,2025-10-27,0,2,0,False
CO1.PCCNTR.7316325,cloud_or_software_nonAI,True,2025-01-23,2,2,0,False
CO1.PCCNTR.5682929,cloud_or_software_nonAI,True,2023-12-20,0,2,0,False
CO1.PCCNTR.7816614,cloud_or_software_nonAI,True,2025-04-28,0,0,0,True
CO1.PCCNTR.9385300,cloud_or_software_nonAI,True,2026-03-11,1,0,0,False
CO1.PCCNTR.8976781,cloud_or_software_nonAI,True,2026-01-19,2,0,0,True
CO1.PCCNTR.6807867,cloud_or_software_nonAI,True,2024-09-25,5,3,3,True
CO1.PCCNTR.9254315,cloud_or_software_nonAI,True,2026-01-29,3,0,0,False
CO1.PCCNTR.5166751,cloud_or_software_nonAI,True,2023-06-28,2,10,10,True
CO1.PCCNTR.6238129,cloud_or_software_nonAI,False,2024-04-30,0,1,0,False
CO1.PCCNTR.6429189,cloud_or_software_nonAI,True,2024-06-18,3,0,0,False
CO1.PCCNTR.8734732,cloud_or_software_nonAI,True,2025-12-30,1,0,0,True
CO1.PCCNTR.8689774,cloud_or_software_nonAI,True,2025-12-15,0,0,0,False
CO1.PCCNTR.7424943,cloud_or_software_nonAI,False,2025-02-11,1,0,0,False
CO1.PCCNTR.6983149,cloud_or_software_nonAI,True,2024-11-01,1,1,0,False
CO1.PCCNTR.9389012,cloud_or_software_nonAI,True,2026-03-12,2,0,0,False
CO1.PCCNTR.8920628,cloud_or_software_nonAI,True,2026-01-16,3,1,0,False
CO1.PCCNTR.8637231,cloud_or_software_nonAI,True,2025-12-04,0,0,0,False
CO1.PCCNTR.7925807,cloud_or_software_nonAI,True,2025-05-28,3,1,0,False
CO1.PCCNTR.9537536,cloud_or_software_nonAI,True,2026-06-02,15,1,0,False
CO1.PCCNTR.8671279,cloud_or_software_nonAI,True,2025-12-04,1,1,0,False
CO1.PCCNTR.5413434,cloud_or_software_nonAI,True,2023-10-12,1,0,0,False
CO1.PCCNTR.7161432,cloud_or_software_nonAI,True,2024-12-27,0,1,1,True
CO1.PCCNTR.8727120,cloud_or_software_nonAI,True,2025-12-22,27,1,1,True
CO1.PCCNTR.8190807,cloud_or_software_nonAI,True,2025-08-22,1,0,0,False
CO1.PCCNTR.8622661,cloud_or_software_nonAI,True,2025-11-21,2,0,0,False
CO1.PCCNTR.5814520,cloud_or_software_nonAI,True,2024-01-26,1,3,0,False
CO1.PCCNTR.6094326,cloud_or_software_nonAI,True,2024-03-21,1,0,0,False
CO1.PCCNTR.8894847,cloud_or_software_nonAI,True,2026-01-18,2,1,0,False
CO1.PCCNTR.6852707,cloud_or_software_nonAI,True,2024-10-18,1,2,0,False
CO1.PCCNTR.5233312,cloud_or_software_nonAI,True,2024-01-23,0,0,0,True
CO1.PCCNTR.8593452,cloud_or_software_nonAI,True,2025-11-24,2,0,0,False
CO1.PCCNTR.6409239,cloud_or_software_nonAI,True,2024-06-07,4,4,4,True
CO1.PCCNTR.8696859,cloud_or_software_nonAI,True,2025-12-12,4,0,0,True
CO1.PCCNTR.4630999,cloud_or_software_nonAI,True,2023-02-17,1,7,7,True
CO1.PCCNTR.4579340,cloud_or_software_nonAI,True,2023-02-08,3,3,3,True
CO1.PCCNTR.8690412,cloud_or_software_nonAI,True,2025-12-12,1,0,0,False
CO1.PCCNTR.6643078,ai_development_service,False,2024-08-16,0,0,0,True
CO1.PCCNTR.5368767,ai_development_service,False,2023-09-14,6,1,1,True
CO1.PCCNTR.7168882,ai_product_or_platform,True,2024-12-24,0,3,1,False
CO1.PCCNTR.8502760,ai_product_or_platform,True,2025-10-27,0,0,0,False
CO1.PCCNTR.8386549,ai_product_or_platform,True,2025-10-03,0,2,0,False
CO1.PCCNTR.9278847,ai_product_or_platform,True,2026-01-30,1,0,0,False
CO1.PCCNTR.8728024,ai_product_or_platform,True,2025-12-26,0,0,0,False
CO1.PCCNTR.7135967,ai_product_or_platform,True,2024-12-20,2,0,0,False
CO1.PCCNTR.7142021,ai_product_or_platform,True,2024-12-19,0,0,0,False
CO1.PCCNTR.7030880,ai_product_or_platform,True,2024-11-18,0,1,0,False
CO1.PCCNTR.7161717,ai_product_or_platform,True,2024-12-24,0,0,0,False
CO1.PCCNTR.9985078,ai_product_or_platform,True,2026-09-24,18,0,0,False
CO1.PCCNTR.9430743,cloud_or_software_nonAI,True,2026-04-06,0,0,0,False
CO1.PCCNTR.5108243,cloud_or_software_nonAI,True,2023-06-23,0,2,0,False
CO1.PCCNTR.9494118,cloud_or_software_nonAI,True,2026-05-15,85,1,0,False
CO1.PCCNTR.5350844,cloud_or_software_nonAI,True,2023-09-06,1,1,0,False
CO1.PCCNTR.9577604,cloud_or_software_nonAI,True,2026-06-19,0,0,0,False
CO1.PCCNTR.8437338,cloud_or_software_nonAI,True,2025-10-10,13,0,0,True
CO1.PCCNTR.6500190,cloud_or_software_nonAI,True,2024-07-06,2,0,0,False
CO1.PCCNTR.8729873,cloud_or_software_nonAI,True,2025-12-24,0,0,0,False
CO1.PCCNTR.6359265,cloud_or_software_nonAI,True,2024-05-23,2,0,0,False
CO1.PCCNTR.6849995,cloud_or_software_nonAI,True,2024-10-22,0,0,0,False
CO1.PCCNTR.9187741,cloud_or_software_nonAI,True,2026-01-27,3,0,0,True
CO1.PCCNTR.7119131,cloud_or_software_nonAI,True,2024-12-10,1,0,0,True
CO1.PCCNTR.4521922,cloud_or_software_nonAI,True,2023-02-14,1,0,0,False
CO1.PCCNTR.4863585,cloud_or_software_nonAI,True,2023-04-14,1,1,0,False
CO1.PCCNTR.9256824,cloud_or_software_nonAI,True,2026-01-29,1,0,0,True
CO1.PCCNTR.6232841,cloud_or_software_nonAI,True,2024-04-24,1,0,0,False
CO1.PCCNTR.9726981,cloud_or_software_nonAI,True,2026-08-03,20,2,2,True
CO1.PCCNTR.7713503,cloud_or_software_nonAI,True,2025-03-29,2,1,1,True
CO1.PCCNTR.9259801,cloud_or_software_nonAI,True,2026-01-29,3,0,0,True
CO1.PCCNTR.9377910,cloud_or_software_nonAI,True,2026-03-11,1,0,0,False
CO1.PCCNTR.6232842,cloud_or_software_nonAI,True,2024-04-24,5,4,2,False
