episode_id,episode,sector,country,dates,event_type,buyer_and_incumbent,price_or_terms_change,fallback_before_change,cost_funder_and_release_authority,refusal_holder_and_legal_basis,harm_bearer,quantified_outcome_and_measurement_status,activation_time_and_service,C1_financing,C2_refusal,C3_operability,fit,alignment_with_harm_bearer,limits_and_UNVERIFIED,source_ids,claim_to_source_locators,source_citations_and_links,reading_depth,sector_group
E01,Lithuania: committed LNG terminal and gas renegotiation,Gas,Lithuania,May 2014 discount; October arrival and December 2014 launch; 2015 cost comparison,Renegotiation,Lithuanian gas purchasers and government; Gazprom; Klaipėdos Nafta and Höegh LNG,High incumbent gas price renegotiated; reported 20% cut in May 2014.,Terminal committed before discount but not yet operating; LNG route subsequently used.,Operator’s ten-year lease about EUR61m/year; security charge borne by heat producers; exact pre-May appropriation/release document UNVERIFIED.,Gas purchasers negotiate and choose supply; government sponsors terminal. A clause to retain old terms or termination damages UNVERIFIED.,"Households, heat consumers and industry; charges also shift terminal cost onto consumers.",Secondary report: Gazprom price fell 20%; 2015 LNG EUR32.82/MWh versus incumbent about EUR17–18/MWh; LNG supplied roughly one fifth of consumption.,"No immediate switch in May; terminal launched December. Independent route is demonstrated later, not contemporaneous with discount.",P,P,P,Counterexample,Consumer finance through charges; no direct household refusal right demonstrated.,Price causation not identified; LNG and incumbent contract comparisons may differ; no measured net welfare benefit or pre-change activation lag.,S01,"S01: discount and timing, This significant drop paragraph; lease and payer, Another important factor; 2015 comparisons, At the moment and Although this volume.",DELFI EN / The Lithuania Tribune. 11 November 2015. Klaipėda LNG Terminal one year on – independence or responsibility? LRT. https://www.lrt.lt/en/news-in-english/19/119304/klaipeda-lng-terminal-one-year-on-independence-or-responsibility,S01: Secondary account; full article body read,Energy
E02,Finland: rejecting ruble gas payments,Gas,Finland,2016 works grant; 1 January 2020 pipeline operation; April–21 May 2022 demand and cut-off; November arbitration,Supplier terms change,Gasum and Gazprom Export; Finnish and Estonian pipeline operators; European Commission,Gazprom demanded ruble payment instead of euros; pipeline deliveries stopped 21 May 2022 at 07:00.,"Balticconnector operating since January 2020, before the 2022 demand.","EU works grant EUR187.5m awarded August 2016, covering 75% of construction; operators fund remainder. Gasum funds replacement gas purchases; specific replacement working-capital ceiling UNVERIFIED.",Gasum refused altered payment procedure; company reports November arbitral award that it was not obliged to pay in rubles. Award text not opened; legal finding is reported by party.,"Gas customers, industrial users, workers and ultimately consumers; company also bears procurement costs.","Company reports no interruptions to its customer deliveries during 2022. Group delivery volumes nevertheless fell 37%, from 24.8 to 15.6 TWh; not a matched service-demand comparison.",Other supplies via Balticconnector announced to start on the cut-off date; pre-existing pipeline is distinct from newly arranged commercial logistics.,Y,P,P,Partial fit,Public financing and corporate refusal; customers lack the same two rights in the records.,"No price savings claim; no independent delivery audit, customer-level quantities or post-switch budget test; public and commercial funding distinct.",S02;S03;S04,"S03: grant and operation paragraphs; S02: notice and replacement paragraphs; S04: printed pp. 2–4, results, arbitration and CEO delivery statement.","Gasum. 20 May 2022. Natural gas imports from Russia under Gasum’s supply contract will be halted on Saturday 21 May at 07.00. https://www.gasum.com/en/news-and-customer-stories/news-and-press-releases/2022/natural-gas-imports-from-russia-under-gasums-supply-contract-will-be-halted-on-saturday-21-may-at-07.00/ || European Commission, Directorate-General for Energy. 8 January 2020. Balticconnector gas pipeline up and running since 1 January 2020. https://commission.europa.eu/news-and-media/news/balticconnector-gas-pipeline-and-running-1-january-2020-2020-01-08_en || Gasum. Financial result 1 January–31 December 2022. Gasum Group. Publication year not established on the pages read. https://www.gasum.com/globalassets/files/pdf/reporting/2022/gasum_financial_result_q4_2022_en.pdf",S02: Full release read; company account || S03: Full release read; primary institutional account || S04: Selected full-text sections read; company self-report,Energy
E03,Brazil: nelfinavir licence threat,Medicines,Brazil,February–August 2001 negotiations; August agreement,Price dispute,"Ministry of Health, Roche, public laboratory FarManguinhos",Ministry rejected insufficient discounts and threatened compulsory licensing; Roche subsequently accepted a 40% cut.,Existing public pharmaceutical institution; nelfinavir production was still planned at the threat date.,Public laboratory and federal treatment procurement; drug-specific prior investment cost and release commitment UNVERIFIED.,Health minister led negotiation and proposed decree under public-interest patent licensing; the decree still needed to be issued in the contemporary account. No exercised licence in this episode.,Treatment recipients and taxpayers; minister rather than patients controlled purchases.,40% negotiated reduction reported retrospectively. No verified realised production cost or patient-access increment.,Incumbent retained supply; actual manufacturing switch did not occur in the opened account.,P,P,N,Counterexample,Patients neither finance laboratory investment directly nor exercise purchase refusal.,Do not call announced threat a completed licence. Conflicting nominal prices in one contemporary report excluded; no causal counterfactual.,S05;S06,"S05: planned production and still-required decree paragraphs; S06: Os constrangimentos section, August 2001 paragraph.","Suwwan, Leila. 24 August 2001. Desconto mantém patente, diz Serra. Folha de S.Paulo. https://www1.folha.uol.com.br/fsp/cotidian/ff2408200115.htm || Lago, Regina Ferro do, and Nilson do Rosário Costa. November 2010. Dilemas da política de distribuição de medicamentos antirretrovirais no Brasil. Ciência & Saúde Coletiva 15, supplement 3. DOI: 10.1590/S1413-81232010000900028. https://www.scielo.br/j/csc/a/LttqHbQVPFkVxbyTvBnkVHh/?lang=pt",S05: Secondary account; full article read || S06: Selected full-text sections read; secondary research account,Health products
E04,Brazil: efavirenz compulsory licence and generic imports,Medicines,Brazil,Late 2006–April 2007 negotiations; 24 April public-interest declaration; 4 May 2007 licence; 2007 imports,Price dispute,"Ministry of Health, Merck, Indian generic producers Aurobindo and Ranbaxy, procurement intermediaries",Incumbent price about USD1.59 per 600mg tablet; inadequate negotiation prompted government-use licence.,Foreign generic manufacturing existed; Brazilian public laboratories did not yet provide the operational same-drug substitute described in the report.,Federal treatment purchases finance imports; final reported price USD0.4594 includes shipping and royalties. Pre-decree earmarked fallback budget and commitment authority UNVERIFIED.,Federal government issued Decree 6108 under Patent Law article 71; Ministry implements public non-commercial licence and may import if domestic production infeasible. Five-year licence; 1.5% royalty.,"Patients, including approximately 75,000 efavirenz users in 2007, and public health budget.","Government-reported imported unit price USD0.4594 versus USD1.59: approximately 71.1% reduction calculated from those values. USD30m annual reduction is programme estimate, not an audited realised saving.",Imports actually reported in 2007; exact decree-to-first-delivery duration and matched treatment outcomes UNVERIFIED.,P,Y,P,Partial fit,State funds and refuses; patients benefit but are not shown to control either right.,Figure 16 uses another price basis (1.592 and 0.4426); do not combine its 72.2% with delivered-price calculation. No domestic-production success inferred from licence.,S07;S08,"S07: printed pp. 89–90, section 5 for delivered price and users; printed p. 87 Figure 16 for differing basis; S08: arts. 1–5 for legal powers and royalty.","Brazil, Ministry of Health. 2008. Brazil – Country Progress Report: Targets UNGASS, Brazilian Response 2005–2007. https://data.unaids.org/pub/report/2008/brazil_2008_country_progress_report_en.pdf || Brazil, Presidency. 4 May 2007. Decreto nº 6.108: compulsory licensing of patents relating to efavirenz for non-commercial public use. https://planalto.gov.br/ccivil_03/_ato2007-2010/2007/decreto/d6108.htm",S07: Selected full-text sections read; government account || S08: Full historical legal text read,Health products
E05,Thailand: efavirenz government use,Medicines,Thailand,November 2006 licence; February 2007 first generic delivery,Price and availability dispute,Ministry of Public Health and Government Pharmaceutical Organization; Merck/MSD,High price and reported hospital stock-outs; requests for a lower price failed before licence.,Indian generics available internationally; public procurement organization existed; domestic same-drug manufacturing not demonstrated.,"Public treatment budget; FY2006 HIV allocation THB2,796.2m for 82,000 people across programme. Drug-specific prior transition allocation UNVERIFIED; GPO imports.",Department of Disease Control entrusts GPO under Patent Act section 51; licence notification delegates exercise under section 36; royalty 0.5% of sales.,Patients with constrained treatment access; government bears purchasing expense.,"Research account gives USD468 per patient-year incumbent price, USD216 generic price available, and USD288 incumbent counteroffer. Generic arrival in February 2007 is reported; quotes are not identical realised expenditure measures.",Roughly three months from November announcement to first delivery; regulatory import and registration constraints matter.,P,Y,P,Partial fit,Patient representatives participated in subcommittee; participation does not assign budget release or purchase veto.,Chapter summary misprints efavirenz licence year as 2003; contemporary 2006 chronology controls. No causal mortality or full budget-coverage claim.,S09;S10,"S09: pp. S26–S27, efavirenz prices and February arrival; S10: pp. 456–458, budget, sections 51/36, delegation and royalty.","Ford, Nathan, David Wilson, Gabriela Costa Chaves, Michel Lotrowska, and Kannikar Kijtiwatchakul. 2007. Sustaining access to antiretroviral therapy in developing countries: lessons from Brazil and Thailand. AIDS 21, supplement 4: S21–S29. https://msfaccess.org/sites/default/files/MSF_assets/HIV_AIDS/Docs/AIDS_medjourno_ART-TherapyInDevelopingCountries_ENG_2007.pdf || Thailand, Ministry of Public Health. Thailand Health Profile 2008–2010. Chapter 12: Support for Access to Essential Drugs and Compulsory Licensing of Drugs. Publication date not established in chapter. https://www.hiso.or.th/hiso/picture/reportHealth/THF2010/2008ENG13.pdf",S09: Selected full-text sections read; secondary research account || S10: Selected full-text sections read; government account,Health products
E06,Thailand: lopinavir/ritonavir and supplier retaliation,Medicines,Thailand,2004–2006 negotiations; 24 January 2007 licence; April–May 2007 offers,Price dispute and threatened withdrawal,Ministry of Public Health and GPO; Abbott; generic producers and pooled negotiators,Abbott’s differentiated high-price offer challenged through government use; supplier withheld registration of new medicines in response.,Generic offers existed but May 2007 actual Thai purchases still at August 2006 incumbent price in Figure 1.,"Public treatment procurement; generic USD1,333 quote then pooled USD676 offer; dedicated prior spending and manufacture investment UNVERIFIED.","Director-General, Disease Control Department, government-use authority under section 51; GPO import implementation.",Patients requiring treatment and potential users of the withheld new products; public budget.,"Incumbent offer USD2,200 per patient-year in 2006, later conditional USD1,000 offer in 2007. Figure 1 explicitly says ministry still paid USD2,200 in May 2007; USD676 is pooled generic offer, not verified Thai realised purchase.",No verified exact first generic-delivery date in sources used; retaliation broadens service risk beyond this medicine.,P,Y,U,Counterexample,Ministry controls refusal; patients bear cross-product risks and do not control alternative finance.,No claim that legal licence immediately delivered a lower actual procurement price; no retrospective 2026 outcome asserted.,S09;S10,"S09: p. S27 and Figure 1 note for offers versus actual payment and retaliation; S10: pp. 456 and 458–459, licence and seven-drug registration withdrawal.","Ford, Nathan, David Wilson, Gabriela Costa Chaves, Michel Lotrowska, and Kannikar Kijtiwatchakul. 2007. Sustaining access to antiretroviral therapy in developing countries: lessons from Brazil and Thailand. AIDS 21, supplement 4: S21–S29. https://msfaccess.org/sites/default/files/MSF_assets/HIV_AIDS/Docs/AIDS_medjourno_ART-TherapyInDevelopingCountries_ENG_2007.pdf || Thailand, Ministry of Public Health. Thailand Health Profile 2008–2010. Chapter 12: Support for Access to Essential Drugs and Compulsory Licensing of Drugs. Publication date not established in chapter. https://www.hiso.or.th/hiso/picture/reportHealth/THF2010/2008ENG13.pdf",S09: Selected full-text sections read; secondary research account || S10: Selected full-text sections read; government account,Health products
E07,Thailand: clopidogrel generic procurement,Medicines,Thailand,25 January 2007 government-use notice; subsequent procurement reported in 2008–2010 profile,Price dispute,"Ministry of Public Health, GPO and Sanofi; Indian generic supplier not named in passage used",High patented price challenged by licence; patent holder disputed legality through legal representatives.,Foreign generic manufacturers available; no evidence of funded Thai same-drug plant before decision.,GPO public procurement; THB1.06 per tablet imported versus THB70 patented price. Pre-notice appropriation and drug-specific sunk cost UNVERIFIED.,"Permanent Secretary, Ministry of Public Health, issued government-use notice under Patent Act section 51; GPO carried out imports.",Patients needing cardiovascular treatment and public health payers.,"Government report gives purchased generic price THB1.06 versus patented THB70 per tablet; calculated reduction 98.49%. Quantity, expenditure and clinical outcomes UNVERIFIED.",Import registration and quality assurance required; exact elapsed time to patient delivery UNVERIFIED.,P,Y,P,Partial fit,Government statutory authority and purchasing finance; patients not shown to hold both.,"Price comparison is a government report, not independent matched-contract audit; legal objection is not an adjudication of invalidity.",S10,S10: p. 456 for 25 January notice; p. 458 section 5 for purchased price and import requirements; p. 459 for legal threat.,"Thailand, Ministry of Public Health. Thailand Health Profile 2008–2010. Chapter 12: Support for Access to Essential Drugs and Compulsory Licensing of Drugs. Publication date not established in chapter. https://www.hiso.or.th/hiso/picture/reportHealth/THF2010/2008ENG13.pdf",S10: Selected full-text sections read; government account,Health products
E08,South Africa: Hazel Tau competition complaint,Medicines,South Africa,2002 complaint; October 2003 investigation outcome; 2003 settlement reviewed in 2014,Price and licensing dispute,"Patients, health professionals, unions and civil organizations; GSK and Boehringer Ingelheim; Competition Commission","Excessive prices and refusal to license alleged; regulator announced referral, followed by negotiated generic licences.",Potential generic capacity existed; patents blocked legal access; financed patient-controlled substitute UNVERIFIED.,"Generic manufacturers’ investment and purchaser budgets; specific prior finance, amounts and release authority UNVERIFIED.","Commission used Competition Act sections 8(a)–(c); complainants could initiate scrutiny, not individually compel continued supply at prior prices. Settlement granted production/import licences.",Patients and treatment purchasers; complainants include harmed individuals.,"Retrospective regulator account: royalties capped at 5% of net sales; import, combinations and regional export permitted. Episode-specific realised price reduction UNVERIFIED.","Entry legally enabled; first delivery, volume and continuity metrics UNVERIFIED.",U,P,P,Partial fit,Harmed parties trigger enforcement; commission and manufacturers retain different operational rights.,Investigation findings are not tribunal adjudication; settlement admitted no liability. No aggregate savings figure imported from later unspecific claims.,S11;S12,"S11: pp. 1–2 for alleged conduct, findings and Competition Act; S12: p. 18 section 2.1 for no-admission settlement and 5% ceiling.","Competition Commission of South Africa. December 2003. Commission Questions Conduct of Anti-retroviral Companies. Competition News, edition 14, pp. 1–2. https://www.compcom.co.za/wp-content/uploads/2020/02/Dec-03-Newsletter.pdf || Competition Commission of South Africa. June 2014. Generic pharmaceuticals and competition in South Africa. Competition News, edition 49, pp. 17–19. https://www.compcom.co.za/wp-content/uploads/2020/02/Competition-News-Edition-49.pdf",S11: Selected full-text article read; primary regulator account || S12: Selected full-text sections read; retrospective regulator account,Health products
E09,Rwanda–Canada: export compulsory licence,Medicines,Rwanda and Canada,2005 application; June 2006 approval; July–September 2007 notifications/licence; September 2008 and 2009 deliveries,Patent-access procurement,"Rwandan purchasers, Apotex, Canadian licensing authority and patent holders",Patent/export rules restricted affordable access; notification and export licence enabled supply. A new unilateral incumbent price change is not established.,Product developed and Canadian regulatory approval obtained before Rwanda’s 2007 request; production for the order followed tender award.,"Apotex bears product preparation; Rwandan procurement finances order. Funding amount, prior donor commitment and release holder UNVERIFIED.",Rwanda notifies import need; Canada authorizes export under Paragraph 6 mechanism. Actual acceptance authority resides with purchasing institutions; patient veto absent.,Rwandan patients requiring treatment and health budget.,WTO meeting account reports licence approved within two weeks in September 2007; tender award May 2008; half delivered September 2008 and half September 2009.,About one year licence-to-first-delivery; product approval preceded buyer identification by over a year.,P,P,P,Partial fit,"International legal authority, producer investment and recipient purchasing separated from patients.","Canada’s allocation of delay among legal process, buyer finding and tender is a party explanation; exact unit price and volumes UNVERIFIED here.",S13,S13: Experience from Canada chronology and consultation report on roughly three-year overall delay.,World Trade Organization. 2 March 2010. Members ask: Is the ‘Par.6’ system on intellectual property and health working? https://www.wto.org/english/news_e/news10_e/trip_02mar10_e.htm,S13: Relevant full-text sections read; meeting account reporting competing member views,Health products
E10,Pneumococcal advance market commitment and third supplier,Vaccines,Multicountry lower-income purchasers,2009 launch; June 2020 third-manufacturer supply agreement,Sponsored entry and lower contract price,"Gavi, UNICEF, donors, World Bank, incumbent vaccine producers and Serum Institute of India",New qualified supplier’s contract price USD2 per dose versus USD3.50 at AMC start; not an incumbent unilateral shock.,Collective commitments finance capacity expansion and entry before 2020 contract; no claim all final product capacity existed in 2009.,"Donors commit USD1.5bn with financial backstop; Gavi funding, World Bank holding arrangements and UNICEF procurement. Ten-year manufacturer supply obligations; recurring country co-financing not quantified here.",UNICEF awards procurement contracts and eligibility requires programme standards; beneficiaries have no individual supplier-contract veto. Specific cancellation clause UNVERIFIED.,"Children, families and country vaccine budgets.","Contracted dose price down approximately 43% against launch benchmark; 10m doses per year committed for ten years. This is contract price and commitment, not observed ten-year delivery or audited causal savings.",Programme evaluation summary supports capacity investment; does not demonstrate accelerated R&D. No individual buyer activation-lag measure.,Y,P,P,Counterexample,Third-party financing and delegated pooled procurement; neither right assigned to children.,Boundary already admitted in candidate A: external finance can substitute for protected-party investment rights. No novel refutation; product and year differences limit price counterfactual.,S14;S15;S16,S14: opening agreement and backstop paragraphs for price and volumes; S15: financial flows/commitment sections for rights; S16: findings for capacity versus R&D.,Gavi. 16 June 2020. Pneumonia vaccine price drops dramatically for lower-income countries thanks to the Gavi Pneumococcal AMC. https://www.gavi.org/news/media-room/pneumonia-vaccine-price-drops-dramatically-lower-income-countries-thanks-gavi || Gavi. Updated 20 January 2025. Pneumococcal Advance Market Commitment: how it works. https://www.gavi.org/investing-gavi/innovative-financing/pneumococcal-advance-market-commitment-amc/how-it-works || Gavi. Pneumococcal conjugate vaccine Advance Market Commitment pilot: second outcomes and impact evaluation. Undated page. https://www.gavi.org/our-impact/evaluation-studies/pcv-amc-pilot-2nd-outcomes-impact,S14: Full release body read; programme account || S15: Full explanatory text read; programme account || S16: Full evaluation-summary page read; underlying evaluation not read,Health products
E11,Antiretroviral TLD combination: guaranteed generic price ceiling,Medicines,"South Africa, Kenya and eligible countries",September 2017 agreement; initial orders expected in 2018,Pooled guarantee and voluntary licensing,"Health ministries, generic manufacturers Mylan and Aurobindo, ViiV, donor foundation, purchasing coalition",Tenofovir disoproxil fumarate/lamivudine/dolutegravir (TLD) licensed generic combination announced at average ceiling USD75 per person-year; no dated unilateral incumbent withdrawal verified.,Generic products licensed and tentatively approved by announcement; independent country distribution and budgets not established.,Third-party ceiling-price agreements support entry; guarantee amount and individual ministry release commitments UNVERIFIED.,Ministries place orders; voluntary licences and qualification enable supply. Contractual refusal/old-terms protections UNVERIFIED.,Patients and treatment budgets; guarantor bears financial risk.,USD75 average price ceiling across 92 eligible countries; source projects up to USD900m South African savings over six years. Projection is not realised saving.,First large orders expected 2018; actual delivery dates and treatment continuity UNVERIFIED in announcement.,P,P,U,Partial fit,Third-party guarantee finances entry; patients have neither procurement nor guarantee-release control.,Announcement-only outcome; not proof of delivered substitution or ex ante ministry-funded alternative. No inference of particular clinical superiority.,S17,"S17: agreement, manufacturer licensing/approval, USD75 price, expected orders and projected savings paragraphs.","UNAIDS. 21 September 2017. New high-quality antiretroviral therapy to be launched in South Africa, Kenya and over 90 low- and middle-income countries at reduced price. https://www.unaids.org/en/resources/presscentre/pressreleaseandstatementarchive/2017/september/20170921_TLD",S17: Full release body read; institutional announcement,Health products
E12,India: RuPay authorization and pilot,Payments,India,May 2012 authorization and pilot,Preventive infrastructure,"National Payments Corporation of India, banks and Reserve Bank of India; international card schemes as potential incumbents",Domestic alternative authorized; no dated incumbent price or terms change verified in release.,NPCI operates pilot; broad production network at authorization not established by source.,"Institutional network development; capital amount, funder shares and ex ante bank release authority UNVERIFIED.",RBI authorizes under Payment and Settlement Systems Act 2007; banks choose/issue cards. Authorization does not guarantee cardholder acceptance by all merchants.,"Cardholders, merchants and banks exposed to costs or interruption.","ATM use and debit-card pilot verified; no measured switching cost, fee saving or coverage outcome in release.",Pilot demonstrates limited operation; nationwide or cross-border substitutability UNVERIFIED.,U,P,P,Partial fit,Central authorization and bank decisions; user finance and refusal rights not documented.,"Contextual candidate, excluded from supplier-shock subset. Search did not verify contemporaneous fee comparison or initial capital cost.",S18,S18: authorization and debit-card pilot paragraphs.,"India, Ministry of Finance. 11 May 2012. Rupay System. Press Information Bureau. https://www.pib.gov.in/newsite/erelcontent.aspx?lang=2&reg=3&relid=83646",S18: Full release read; primary government account,Payments
E13,Russia: domestic processing survives card-scheme withdrawal,Payments,Russia,2014 NSPK establishment; 6 March 2022 withdrawal response; 2022 transaction totals,Supplier withdrawal under sanctions,"Banks, Bank of Russia and NSPK; Visa and Mastercard",International schemes suspend operations; domestic cards continue processing through NSPK while cross-border use unavailable.,NSPK established in 2014 and domestic processing predated 2022 suspension; Mir network also existed.,Central-bank sponsored institution; initial capitalization and recurring cost UNVERIFIED. Do not infer total investment from central-bank establishment.,Central bank and banks operate domestic processing; cardholders can use cards domestically. No power to compel international network acceptance or retain foreign service terms demonstrated.,"Cardholders, merchants and firms needing domestic or foreign payments.",Regulator reports domestic cards usable until expiry; 2022 Mir transactions 29.4bn worth RUB52.9trn and 41.2% of issued cards at 1 January 2023. Cross-border functionality unavailable.,Domestic continuity immediate according to regulator; scope excludes international purchases and withdrawals.,P,P,P,Partial fit,Institutional finance and regulation; individuals exercise payment choice within limited acceptance domain.,Sanctions-driven withdrawal differs from strategic repricing. Transaction growth is not a causal estimate of fallback benefit; no global-service equivalence.,S19;S20;S21,S20: 2014 establishment paragraph; S19: domestic continuity and foreign restriction paragraphs; S21: printed p. 6 Mir PS/Figure 2.,Bank of Russia. 6 March 2022. Visa and MasterCard payment cards continue to operate as normal in Russia. https://www.cbr.ru/eng/press/event/?id=12741 || Bank of Russia. National Payment System. Updated 1 October 2026. https://cbr.ru/eng/psystem/ || Bank of Russia. 2023. National Payment System Oversight Results 2021–2022. https://www.cbr.ru/content/document/file/156698/results_2021-2022_e.pdf,S19: Full release body read; primary regulator account || S20: Relevant full-text paragraphs read; primary regulator account || S21: Selected full-text sections read; primary regulator account,Payments
E14,Brazil: Pix as publicly organized payment alternative,Payments,Brazil,November 2020 launch; 2021 transactions; 2023 research report,Preventive infrastructure,"Banco Central do Brasil, participating institutions, customers; card and bank-transfer services as alternatives",New instant payment system with mandated large-bank participation and free individual transfers; no dated unilateral incumbent shock established.,Publicly organized infrastructure developed before launch; not operational before that launch.,Central bank/institutional implementation; initial development cost and exact release authority UNVERIFIED.,"Central bank requires participation for institutions above 500,000 active accounts; individuals choose transactions. No incumbent old-terms retention clause documented.","Consumers, merchants and banks; adoption differs across access and connectivity.",Paper’s administrative Table 3 reports 9.55bn transactions in 2021; individual setup and transaction fees zero under design. Claimed initial USD4m build cost not verified and excluded.,Operational at scale after launch; requires account and internet; no measured emergency switching lag.,P,P,P,Partial fit,Public/institutional finance and regulation enable individual use; exact shared rights not demonstrated.,Contextual case excluded from supplier-shock subset. No causal attribution of card prices or market fees to introduction.,S22,"S22: printed pp. 8 and 12–13 for design and constraints; Table 3, p. 29 for total transaction count.","Mariani, Lucas A., Jose Renato Haas Ornelas, and Bernardo Ricca. March 2023. Banks’ Physical Footprint and Financial Technology Adoption. Banco Central do Brasil Working Paper 576. https://www.bcb.gov.br/content/publicacoes/WorkingPaperSeries/WP576.pdf",S22: Selected full-text sections read; research paper with administrative data,Payments
E15,Europe: collectively financed satellite navigation,Navigation,European Union,2007 budget decision; July 2008 procurement; December 2016 initial services,Preventive infrastructure,"European Commission, ESA, navigation contractors and users; GPS as prior external system",Public procurement follows collective finance decision; no specific incumbent price or terms change verified.,Constellation under development at finance/procurement decision; initial services began 2016.,"Community budget EUR3.4bn for EGNOS and Galileo, 2007–2013; Commission programme manager/contracting authority; ESA delegated procurement/design agent. Not total lifetime Galileo cost.",Commission controls procurement; government authorizes regulated users; ordinary users choose enabled receivers. No contractual veto over foreign system.,"Navigation users, businesses, emergency responders and taxpayers.","18 satellites in orbit at December 2016 announcement; three initial services, including free open service. Full system still incomplete.",Initial operational service more than eight years after 2008 procurement launch; source’s 2013 full-operation objective was not initial-services date.,Y,P,P,Partial fit,Collective budget and delegated authority; end users lack direct infrastructure finance/refusal rights.,Contextual case; no threatened GPS repricing or contemporaneous buyer switch. Chipset availability and interoperability limit independent scope.,S23;S24,"S23: budget, governance and 2013 objective paragraphs; S24: constellation status and Initial Services section.",European Space Agency. 1 July 2008. Procurement of full Galileo system begins. https://www.esa.int/About_Us/Business_with_ESA/Procurement_of_full_Galileo_system_begins || European Space Agency. 15 December 2016. Galileo begins serving the globe. https://www.esa.int/Applications/Satellite_navigation/Galileo_begins_serving_the_globe,S23: Full release read; primary institutional account || S24: Full release body read; primary institutional account,Navigation
E16,India: navigation constellation versus receiver readiness,Navigation,India,Government reply 3 August 2017 on established constellation and market timing,Preventive infrastructure,"Indian government, ISRO, receiver manufacturers and users; GPS as external navigation system",Domestic regional navigation provided; no verified supplier repricing or denial in source.,Space and ground segments established by reply; receiver/service market still developing.,"Government approves INR1,420 crore for seven orbiting satellites, two ground spares and ground segment; department realizes system. Exact disbursement schedule UNVERIFIED.",Government controls space programme and restricted-service authorization; manufacturers/service providers affect practical availability; no user veto over foreign navigation service.,"Civil users, fishermen, commercial operators and public agencies requiring positioning.","Seven-satellite constellation; coverage India plus 1,500km; demonstrations completed. Reply estimates a couple of years for full market operation.",No immediate universal fallback despite complete space/ground segment; receiver ecosystem is explicit constraint.,Y,P,P,Partial fit,Collective finance and central authority; user availability depends on downstream providers.,Claim of GPS denial during 1999 conflict UNVERIFIED and excluded. Market prediction not a verified 2019 completion outcome.,S25,S25: budget/constellation paragraphs and final operational-market timing paragraph.,"India, Department of Space. 3 August 2017. Desi Global Positioning System. Press Information Bureau; written Rajya Sabha reply by Jitendra Singh. https://www.pib.gov.in/PressReleaseIframePage.aspx?PRID=1498382&lang=2&reg=48",S25: Full release read; primary parliamentary-government account,Navigation
E17,Ukraine: donated satellite connectivity and later service finance,Satellite communications,Ukraine and United States,March 2022 terminals; October 2022 financing statement; June 2023 defence contract,Threat to recurring financing,"Ukrainian users, USAID, US Department of Defense and SpaceX",Provider publicly stated inability to finance service indefinitely; donor-supported service then obtained defence procurement contract.,Terminals for same supplier existed; independent satellite-service fallback funded before threat UNVERIFIED.,"USAID procurement and donated terminals: 5,175 delivered March 2022, with initial three-month service; later defence contract finances incumbent service, amount undisclosed.",USAID sets donation-use conditions and Department of Defense contracts; actual service scope remains supplier/contract dependent. No enforceable Ukrainian user right to compel all uses verified.,"Civilian users, hospitals and military communications users; different permitted uses matter.","Audit establishes 5,175 delivered terminals; provider claimed USD20m/month cost in October 2022; June 2023 procurement confirmed. Cost claim is not independently audited.","Contract is recurring incumbent-service finance, not verified switching. No observed general outage or replacement-service activation attributed to funding statement.",N,U,N,Partial fit,Outside funders control finance/contracts; Ukrainian users bear service risk.,February 2023 weapon-use restrictions source could not be opened; specific restrictions and outages therefore UNVERIFIED here. No revealed contract price or completed migration.,S26;S27,S26: printed pp. 3–4 delivery and service conditions; S27: funding statement and Pentagon contract paragraphs.,"USAID, Office of Inspector General. September 2025. Ukraine Response: USAID Did Not Fully Mitigate the Risk of Misuse of Starlink Terminals Delivered to Ukraine. Redacted inspection report. https://oig.usaid.gov/sites/default/files/2025-09/%5BREDACTED%5D%20Final%20Report%20-%20Inspection%20of%20USAID%27s%20Oversight%20of%20Starlink%20Terminals%20Delivered%20to%20Ukraine.pdf || Stone, Mike, and Joey Roulette. 1 June 2023. SpaceX’s Starlink wins Pentagon contract for satellite services to Ukraine. Reuters, republished by Investing.com. https://www.investing.com/news/world-news/pentagon-buys-starlink-for-ukraine--statement-3096439",S26: Selected full-text sections read; primary audit account || S27: Secondary account; full article body read,Communications
E18,Semiconductors: second-source agreement and withheld successor rights,Semiconductors,United States,February 1982 agreement; mid-1984 conduct; April 1987 arbitration request; 1994 Supreme Court decision,Withheld technology/contract access,AMD and Intel; downstream chip customers not parties to judgment,"Intel frustrated exchange arrangement to preserve sole sourcing of successor 80386, as found by arbitrator and recounted by court.","Paid technology exchange and AMD capacity pre-existed dispute, but successor-generation rights required contested access.",Private development and royalties; exact sunk investment budget UNVERIFIED. Substantial royalties for 80186/80286 rights under 1984 amendment.,"AMD invoked contract arbitration and court enforcement; Supreme Court upheld arbitrator’s remedial authority. This is licensee enforcement, not documented OEM rejection right.",AMD and potentially downstream purchasers; third-party non-contractible harm not measured.,Arbitration lasted four and a half years and 355 hearing days; 1994 court reverses appellate limitation on remedy. No verified procurement price or service-quality outcome.,Existing capacity did not automatically deliver access to future intellectual property; enforcement delay measured.,P,P,P,Partial fit,Private investor and licensee substantially overlap; downstream users do not own rights shown.,Not evidence of a particular defence/OEM second-source mandate or its budget. Contractual remedy does not establish immediate buyer operability.,S28,"S28: Facts and Proceedings, pp. 367–373 for agreement, breach, arbitration length and remedy; footnote 6 for award elements.","Supreme Court of California. 1994. Advanced Micro Devices, Inc. v. Intel Corp., 9 Cal. 4th 362. https://law.justia.com/cases/california/supreme-court/4th/9/362.html",S28: Selected full judgment sections read; primary legal record,Semiconductors
E19,Mainframes: software and support unbundling,Computing,United States,23 June 1969 announcement; January 1970 transitional charge waivers end,Supplier pricing-policy change,IBM and installed-base customers; third-party service/software producers as possible alternatives,New program products and engineering services priced separately; system-control programs and existing library programs remain free; transitional waivers protect already planned service until January 1970.,Customer-owned skills and potential third-party services; no specific buyer’s funded plug-compatible substitute established by announcement.,Customers pay separate licence/service charges; prior fallback investment and release holder UNVERIFIED.,Customers can decline new chargeable products/services; source sets continued free availability of existing programmes. Exact hardware-contract exit and platform-switch powers UNVERIFIED.,Installed-base customers and their service users; additional support spending falls on purchasers.,Service scheduled in half-day minimum three hours or full-day minimum six hours; new terms dated. No matched total price rise or entry effect measured.,"Separate purchase terms do not document migration; retention of existing free programs is a limited protective term, not all-service continuity.",U,P,U,Partial fit,Commercial purchasers choose spending; public-service beneficiary rights not observed.,No causal attribution of independent software growth or plug-compatible entry. Unbundling did not make every existing programme newly chargeable.,S29,S29: PDF pp. 1–2 customer letter for charges/waivers/free programmes; pp. 3–4 for service minima; pp. 24–25 for SHARE explanation.,"IBM. 23 June 1969, with 20 August 1969 SHARE statement. New IBM Pricing Policy. Archival document collection, Computer History Museum, accession 102712825-05-01. https://archive.computerhistory.org/resources/access/text/2014/06/102712825/102712825-05-01-acc.pdf",S29: Selected primary full-text documents read,Computing
E20,Thailand: patients challenge didanosine patent scope,Medicines,Thailand,May 2001 patient lawsuit; favourable ruling reported by 2007 account,Patent access and refusal of licence barrier,Two patients and an AIDS organization; Bristol-Myers Squibb; courts and GPO,Expanded patent scope challenged as invalid; favourable ruling opens generic-production route.,"Public generic institution existed, but immediate same-product alternative and financing before suit UNVERIFIED.",Public production/procurement framework; patient litigation and specific production investment costs UNVERIFIED.,Court recognizes patients’ standing as harmed parties; successful patent challenge removes barrier. Standing does not confer treatment-programme budget or prescribing control.,Patients whose access limited by patent pricing; complainants themselves include harmed patients.,Two patients filed suit in May 2001; research account reports favourable patent outcome but limited direct treatment impact because standard regimens excluded didanosine by completion.,Litigation outcome by date of 2007 article; exact completion date and delivery lag UNVERIFIED. Formal access did not imply clinical adoption.,U,P,N,Counterexample,"Harmed parties have litigation standing, but do not control procurement finance or programme treatment choices.",Secondary legal account only; original judgment not opened. No medical recommendation or price-saving estimate asserted.,S09,"S09: pp. S26–S27, Challenging patents in Thailand, didanosine discussion.","Ford, Nathan, David Wilson, Gabriela Costa Chaves, Michel Lotrowska, and Kannikar Kijtiwatchakul. 2007. Sustaining access to antiretroviral therapy in developing countries: lessons from Brazil and Thailand. AIDS 21, supplement 4: S21–S29. https://msfaccess.org/sites/default/files/MSF_assets/HIV_AIDS/Docs/AIDS_medjourno_ART-TherapyInDevelopingCountries_ENG_2007.pdf",S09: Selected full-text sections read; secondary research account,Health products
E21,Munich: reversing a funded desktop alternative,Desktop software,Germany,Migration beginning in 2000s; 23 November 2017 return vote; 2020 planned target,Buyer reversal,Munich city council and administration; incumbent proprietary supplier; LiMux alternative,Council chooses return from existing open-source deployment to proprietary desktop environment.,LiMux already deployed and financed before reversal; full replacement compatibility and recurring costs contested.,"Municipal funding; report gives EUR49.3m desktop return cost within EUR89m broader overhaul, including EUR9m licence component over six years. Initial alternative spending total UNVERIFIED.",City council approves reversal by 50–25 vote; exact contractual termination/retention clause UNVERIFIED. Political authority to change procurement demonstrated.,"Municipal workers, residents using services and taxpayers; technical staff bear retraining/migration workload.","Vote and announced budget measured/reported; goal 2020 and possible longer migration are forecasts, not verified completion.",An already used alternative is abandoned; exact transition period and independent comparative service-quality audit UNVERIFIED.,P,P,P,Counterexample,City’s financing and purchasing authority overlap; residents do not exercise both directly.,"No claim reversal proves technical inferiority; politics, compatibility and scope confound. Cost components must not be summed twice.",S30,"S30: council vote, EUR49.3m/EUR89m costs, licence component and planned timing paragraphs.","Silver, Andrew. 24 November 2017. Munich council finds €49.3m for Windows 10 embrace. The Register. https://www.theregister.com/software/2017/11/24/munich-council-finds-493m-for-windows-10-embrace/471515",S30: Secondary account; full article body read,Computing
E22,Schleswig-Holstein: office migration with residual dependencies,Office software,Germany,4 December 2025 reported position; 2026 investment plan,Preventive migration,"Land government, departments and technical service providers; proprietary office incumbent; open-source alternatives",Government replaces office/email applications for sovereignty and cost objectives; no particular incumbent repricing date verified.,Alternative deployed progressively by 2025; not demonstrated fully operable before the policy decision.,State finances implementation; reports licence savings over EUR15m and plans EUR9m one-time migration/development investments in 2026. Exact prior appropriation/release document UNVERIFIED.,Land government makes office suite binding standard; departments implement. Former vendor’s contractual refusal/old-terms clause UNVERIFIED.,"Public employees, taxpayers and service recipients; dependent specialist workflows bear migration friction.","Almost 80% of workplaces excluding tax administration use alternative; nearly 44,000 mailboxes moved. Remaining roughly 20% retain incumbent dependencies. Savings are government claim; 2026 investment is planned.",Partial migration achieved; residual applications and tax administration await changes. No claim of completed operating-system replacement.,P,P,P,Partial fit,State funding and authority; affected users lack direct release/refusal control.,No verified dated supplier shock. Do not subtract future one-off EUR9m from reported current EUR15m and call the result realised net saving.,S31,"S31: opening and residual dependencies paragraphs; savings section for mailboxes, gross licence saving and planned 2026 investment.","Schleswig-Holstein, Staatskanzlei. 4 December 2025. Digitale Souveränität ist möglich und wirtschaftlich. https://www.schleswig-holstein.de/DE/landesregierung/ministerien-behoerden/I/_startseite/Artikel2025/IV/251204_cds_digitale_souveraenitaet",S31: Full release read; primary government self-report,Computing
E23,French Gendarmerie: prepared desktop migration,Desktop software,France,Web/application preparation 2002–2004; office migration 2005; late-2006 successor-system trigger; 2013 deployment report,Supplier version-transition response,French Gendarmerie central technology command; proprietary desktop supplier; open-source support partners,Incoming successor operating system prompts comparison and move to alternative following earlier application changes.,Web/intranet and office preparations predated trigger; full desktop substitute introduced progressively later.,Public organization uses existing internal team; commercial support tender required for purchased services. Exact prior sunk cost and total recurring budget UNVERIFIED.,Command controls internal migration; case-study Legal issues section treats internal choice as not needing extra legal steps and commercial support as public tender. Individual user contractual veto absent.,"Police staff, public-service users and public budget.","2013 report states 37,000 desktops in use and officer claims 40% lower total ownership cost. 72,000 next-year desktops are a target, not verified achieved total.","Multiyear preparation and rollout; secondary interviews report fewer local interventions and improved network recovery, not an independent service audit.",P,P,P,Partial fit,Public command finances/decides; police users and residents are not shown to hold both rights.,40% TCO claim lacks underlying cost ledger in opened account. No inference that free licence means zero implementation cost.,S32;S33,"S32: History, Legal issues and Effect on government services for preparation, mandate and support; S33: opening and desktop-count paragraphs for reported TCO and actual/target distinction.","Open Source Observatory and Repository. Towards the freedom of the operating system: the French Gendarmerie goes for Ubuntu. Interoperable Europe Portal. Publication year not confirmed on the passages read; contemporaneous case study with early-2009 target. https://interoperable-europe.ec.europa.eu/collection/open-source-observatory-osor/document/towards-freedom-operating-system-french-gendarmerie-goes-ubuntu || Hillenius, Gijs. 30 September 2013. French Gendarmerie: Open source desktop lowers TCO by 40%. Open Source Observatory, Interoperable Europe Portal. https://interoperable-europe.ec.europa.eu/collection/open-source-observatory-osor/news/french-gendarmerie-open-sou",S32: Full-text case-study sections read; secondary interviews || S33: Secondary account; full article body read; comments excluded,Computing
E24,AT&T: litigating support-renewal rights after acquisition,Virtualisation,United States,2022 amended agreement; 2023–2024 availability change and dispute; September filing; December 2024 settlement-in-principle,Supplier support/licence terms dispute,AT&T Services; Broadcom and VMware; New York court,Customer claims support renewal rights; supplier invokes end-of-availability policy and subscription transition.,"Perpetually licensed deployed software remains, but supported independent replacement before dispute not verified.","Existing licence/support spending and migration plans; specific financed alternative, budget and actual price increase UNVERIFIED.",AT&T invokes amended contract and requests injunction; enforceable renewal interpretation contested. Perpetual usage and support renewal are different rights.,"Customer operations, staff and potentially communications users; actual third-party service interruption not verified.","December 2024 report confirms settlement-in-principle with undisclosed terms; no public measured settlement price or completed exit. No 1,050% figure accepted without matching record.","Party submission discusses unsupported operation and other options; those are contested alternatives, not measured immediate migration.",U,P,U,Partial fit,Corporate buyer has litigation authority; downstream users are not parties controlling investment.,"Legal memorandum is defendant argument, not judgment. Settlement precludes treating either asserted contract interpretation as adjudicated victory.",S34;S35,S34: preliminary statement and printed pp. 15–17 for contract/unsupported alternatives; S35: opening settlement paragraphs.,"Broadcom Inc. and VMware LLC. 20 September 2024. Memorandum of Law in Opposition to OSC for Preliminary Injunction. AT&T Services, Inc. v. Broadcom Inc. et al., Supreme Court of New York, New York County, index 654490/2024, NYSCEF document 57. https://cdn.arstechnica.net/wp-content/uploads/2024/09/Broadcom_court_filing.pdf || McCarthy, Tim. 16 December 2024. Broadcom, AT&T settle lawsuit over VMware support. TechTarget. https://www.techtarget.com/it-infrastructure/news/366617317/Broadcom-ATT-settle-lawsuit-over-VMware-support","S34: Selected full-text sections read; party submission, not judicial findings || S35: Secondary account; full article body read",Computing
E25,Hamburg university: annual subscription procurement on installed platform,Virtualisation and education,Germany,Installed platform since 2008; notice 29 October 2025; bids due 3 December 2025,Public procurement response,Universität Hamburg Regional Computing Centre and procurement office; Broadcom VMware; resellers,Notice purchases one-year subscription licences for installed virtualisation; no buyer-specific prior price rise quantified.,Supplier’s hypervisor remains installed; independent hypervisor substitute not identified in notice.,University procurement budget; displayed estimated value zero is not credible evidence of free supply. Actual awarded amount and alternative budget UNVERIFIED.,Strategic procurement office tenders under Directive 2014/24/EU and VgV; award/renewal choice institutionally located. No contract right to retain old product terms verified.,"University staff, more than 42,000 students and cooperating institutions relying on computing services.","One-year intended subscription and dated tender verified; award, paid price and service outcomes UNVERIFIED.",Notice says updates/upgrades and manufacturer support indispensable for installed environment; procurement is planned continuity rather than observed migration.,N,P,N,Partial fit,University finances and purchases; students do not control either right.,Open tender can compete resellers of same product; it does not establish product-level substitutability. Zero estimate is not zero migration cost.,S36,S36: sections 2.1 and 5.1 for installed system and one-year subscription; 2.1.3–4 for value/legal basis; 5.1.12 and final transmission details for dates.,Universität Hamburg. Transmitted 29 October 2025. Beschaffung von Broadcom VMware-Lizenzen. Contract notice UHH_2025054_OV; procedure cbccf934-ae9e-4c7a-916d-aab580768e32. https://www.hamburg.de/resource/blob/1111482/9651c9498f126a4e858e81d5b1efaa5d/vol-bekanntmachung-uhh-2025054-ov-data.pdf,S36: Selected full-text sections read; primary procurement record,Computing
E26,India: cotton-seed trait fee and seed-price cap,Agriculture,India,December 2015 order; March 2016 cap; May 2016 licensing-rule notification and rescission,Regulated repricing,"Farmers, seed firms, Mahyco Monsanto Biotech and Ministry of Agriculture",Central government caps seed price and trait component; proposed wider compulsory licensing notification rescinded after six days.,Fifty licensed seed companies already produce incumbent-trait seed; independent alternative trait financed before cap not established.,Farmers pay seed purchase; private seed firms invest. No public alternative-development budget documented; regulation changes incumbent terms directly.,Ministry exercises Essential Commodities Act 1955 section 3 through Cotton Seed Price Control Order 2015; farmers do not individually set royalty terms.,Farmers and seed firms paying trait fees; future users may bear reduced innovation/availability.,"2016–2017 ceiling: BG-II INR800 per packet, comprising INR751 seed and INR49 trait including taxes; BG-I INR635 and zero trait. Do not infer realised nationwide farmer savings.",Cap leaves incumbent trait in use. 18 May broader licensing notification rescinded 24 May; no completed new substitute.,N,P,N,Counterexample,Regulator enforces price cap on behalf of farmers; no joint farmer funding/refusal authority.,"Previous INR163 royalty not independently verified in sources used; percentage reduction excluded. Ceiling is legal price, not realised average purchase.",S37;S38,S37: section 3 authority and price table; S38: PDF p. 11 for 18/24 May notification/rescission chronology.,"India, Ministry of Agriculture and Farmers Welfare. 9 March 2016. Fix a Uniform Price of Bt Cotton Seed Across the Country for the Benefit of Farmers—Radha Mohan Singh. Press Information Bureau. https://www.pib.gov.in/newsite/PrintRelease.aspx?lang=2&reg=48&relid=137599 || United States Department of Agriculture, Foreign Agricultural Service. 12 December 2016. Agricultural Biotechnology Annual: India. New Delhi GAIN report. https://gain.fas.usda.gov/Recent%20GAIN%20Publications/Agricultural%20Biotechnology%20Annual_New%20Delhi_India_12-12-2016.pdf",S37: Full release read; primary government account || S38: Selected full-text sections read; government reporting account,Agriculture
E27,United States: mandated telecommunications replacement and funding gap,Telecommunications,United States,March 2020 statute; December 2020 funding; July 2022 allocation; December 2024 additional authority; January 2025 report,Buyer-side security mandate,"Small network operators, FCC, Congress, Treasury; Huawei and ZTE equipment suppliers",Government requires removal/replacement of covered equipment; no unilateral supplier repricing established.,Alternative suppliers exist but financed replacement of entire installed networks was not complete before mandate.,Initial programme allocation USD1.895bn; 2022 approved-cost allocation 39.5%; Congress authorizes additional Treasury borrowing up to USD3.08bn in December 2024. Authorization not expenditure or completed replacement.,FCC administers covered list and reimbursements under P.L. 116-124 sections 2 and 4; Congress finances; operators implement certified plans/timelines.,Network users and rural communities; operators bear unreimbursed costs and continuity risks.,126 applications approved from 85 entities in July 2022; 122 of 126 applicants filed reimbursement claim by November 2024. Claim filing is not completed removal.,"One year from initial disbursement statutory replacement window, with report listing deadlines November 2024–June 2025; actual completion shares UNVERIFIED.",P,Y,U,Partial fit,Funding and mandate at federal level; implementation operators; subscribers hold neither.,Out-of-model buyer mandate; funding gap is observed but harmless-versus-harmful supplier cost threshold is not. No specific outage claim.,S39,S39: funding/shortfall questions for sums and 39.5%; Congress response for borrowing authority; progress question for 122 claims and dates.,"Congressional Research Service. Updated 30 January 2025. Secure and Trusted Communications Networks Reimbursement Program: Frequently Asked Questions. IN11663, version 9. Reproduction at EveryCRSReport. https://www.everycrsreport.com/files/2025-01-30_IN11663_4249b514c75ab676b31c3cd7766474a8ed85e95c.html",S39: Full three-page text read; primary legislative research account,Communications
E28,Cochabamba: tariff reversal and municipal re-entry,Water,Bolivia,September 1999 concession; November handover; January 2000 tariff change; 2000 termination,Concession tariff and political dispute,"Government, Aguas del Tunari, municipal SEMAPA and residents","Average tariff increased about 35% under authorized concession terms; protests followed, increase reversed and concession ended.",Municipal network and staff existed before concession; SEMAPA returns to inherited system. No separately funded new replacement network.,Legacy public assets and staffing; World Bank-supported rehabilitation predated concession. Incremental takeover budget and recurring fiscal adequacy UNVERIFIED.,Government cancels concession after protests; residents exert political pressure. Exact contractual right/damages and individual enforceable rejection authority UNVERIFIED.,"Water customers, unconnected residents and municipal budget.",Audit reports about 35% average tariff rise and 300 staff transferred at handover; tariff reversed and municipal operation restored. No post-takeover service improvement demonstrated.,"Legacy operation enables institutional return, not construction of new water source; prior service about four hours daily and improvement promises not observed outcomes.",P,P,P,Counterexample,Residents mobilize; governmental contracting and municipal assets remain institutionally separate.,"Tariff was agreed/authorized at concession entry, not established as surprise unilateral supplier renegotiation. Protest success does not prove adequate long-term service.",S40,S40: paras. 2.14–2.16 for concession/tariff and municipal return; annex paras. 10–14 for legacy capacity and service baseline.,"World Bank, Operations Evaluation Department. 1 June 2000. Performance Audit Report: Bolivia Major Cities Water and Sewerage Rehabilitation Project (Credit 2187-BO). Report 20507. https://documents1.worldbank.org/curated/en/953621511188897130/pdf/multi-page.pdf",S40: Selected full-text sections read; primary project audit,Water
E29,Tanzania: failed water operator and state replacement,Water,Tanzania,2003 lease context; May–1 June 2005 termination/takeover; July 2008 award,Renegotiation and failed concession,"City Water/Biwater Gauff, Dar es Salaam authorities, national government and DAWASCO",Financially failing operator sought tariff/contract changes; government terminated and installed public operator.,Public water infrastructure existed; replacement operator took assets. No separately operational funded backup operator shown before dispute.,Existing utility assets and financing; exact DAWASCO prior capitalization/release authority UNVERIFIED. Tribunal’s causation discussion finds operator already financially impaired.,"Government exercised coercive takeover; tribunal found treaty violations, so exercise is not proof of lawful contractual refusal. Public users hold no demonstrated contract veto.","Water customers, employees, state budget and failed private investors.",1 June 2005 takeover date established; 2008 award finds specified treaty breaches but dismisses all damages claims. No verified post-switch price/quality gain.,Immediate successor installation differs from independently tested standby capability; continuity quality UNVERIFIED.,U,N,U,Counterexample,Public authority and supplier finance contest; users have neither investment-release nor contractual refusal authority.,Zero damages does not mean takeover lawful or costless. Supplier weakness and pre-existing insolvency change bargaining setting; court finding controls.,S41,"S41: paras. 759 and 773–782 for financial position/causation; para. 814 for takeover date, treaty violations and dismissed damages.","ICSID Arbitral Tribunal. 24 July 2008. Biwater Gauff (Tanzania) Ltd. v. United Republic of Tanzania, ARB/05/22, Award. https://www.arbitrationlaw.com/files/free_pdfs/Biwater%20v%20Tanzania%20-%20Award.pdf",S41: Selected full-text sections read; primary legal record,Water
E30,Argentina: tariff intervention and compensation liability,Water,Argentina,1993 concession; 2001–2002 crisis intervention; 2010 liability decision; 9 April 2015 damages award,Buyer-side tariff intervention,"Argentine government, Aguas Argentinas, Suez, Vivendi, AGBAR and AWG; water users",Crisis measures altered concession economics and prevented recovery; suppliers contested state conduct under investment treaties.,Water network existed; distinct funded independent replacement before crisis intervention UNVERIFIED.,Concession initial capitalization USD120m in 1993; replacement funding before crisis UNVERIFIED. Compensation liability creates additional public fiscal cost.,State regulates/changes terms; 2010 liability finding carried into 2015 award. Treaty obligations constrain authority; not costless retention/refusal.,"Water users, taxpayers and concession investors; realised service consequences not quantified here.","2015 operative awards total USD404,539,050 across four claimants, excluding post-November 2014 interest; calculation from USD20,957,809 + 223,043,289 + 123,276,448 + 37,261,504. Award is liability, not evidence of paid sum.","Long legal resolution, no verified replacement activation or matched service measure in these award passages.",U,N,U,Counterexample,State controls intervention; harmed water users do not control finance or treaty exposure.,Secondary case heading misidentifies case; primary ARB/03/19 controls. No unsupported AySA financing or 2006 takeover details used.,S42;S43,"S42: paras. 1–5 for original concession/crisis liability; paras. 116–117 for all four sums; S43: Background for secondary crisis narrative, subject to corrected identity.","ICSID Arbitral Tribunal. 9 April 2015. Suez, Sociedad General de Aguas de Barcelona S.A., and Vivendi Universal S.A. v. Argentine Republic, ARB/03/19; AWG Group Ltd. v. Argentine Republic, UNCITRAL proceeding, Award. https://www.italaw.com/sites/default/files/case-documents/italaw4365.pdf || Davis, Marquita. 26 November 2015. Tribunal largely adopts independent expert’s damages findings in USD 405 million award to previous owners of an Argentine public utility company. Investment Treaty News, IISD. https://www.iisd.org/itn/2015/11/26/tribunal-largely-adopts-independent-experts-damages-findings-in-usd-405-million-award-to-previous-owners-of-an-argentine-public-utility-company-suez-sociedad-general-de-aguas-de-barcelona-sa-interagua/",S42: Selected full-text sections read; primary legal record || S43: Secondary account; full article read,Water
E31,England NHS: support-price increase during supplier transition,Health information systems,United Kingdom,May 2008 termination; March 2009 contract extension; March 2011 audit position,Renegotiation and post-termination price increase,"Department of Health/Connecting for Health, Fujitsu, BT, NHS trusts and Treasury",Ten months of renegotiation failed; department terminated; incumbent maintenance charges for live systems doubled after termination.,"BT supplied similar systems elsewhere, but needed new extension and transition; no immediate independent same-site substitute.",Central programme finance; GBP546m BT extension in March 2009 includes live-site support and new deployments. Appraisal prior to termination existed; not evidence of precommitted operational fallback.,Department terminates and exercises existing BT contract’s extension provisions; Treasury requires further procurement for additional systems. Termination basis disputed; trusts’ preferences not controlling.,"Patients and staff at live trusts, local organizations, public budget.","Audit: GBP80m paid to Fujitsu in 12 months before BT takeover; maintenance price doubled; eight live sites at original termination. GBP546m extension is broader contract expenditure, not isolated migration cost.",About one year of bridging payments; any new supplier needed incumbent contracting until migration. Removal threatened care/patient safety; realised injury not measured.,P,P,N,Partial fit,Central financial and acceptance powers; affected trusts and patients bear operational risk.,"Do not treat termination right as right to retain support at old terms. Appraised GBP8m premium is like-for-like risk-adjusted option comparison, not realised exit cost.",S44,S44: paras. 3.2–3.3 for termination and doubled maintenance/GBP80m; 3.4–3.6/Figure 12 for pre-appraisal and transition risks; 3.8–3.9 for selection/GBP546m.,"National Audit Office. 18 May 2011. The National Programme for IT in the NHS: an update on the delivery of detailed care records systems. HC 888, session 2010–2012. https://www.nao.org.uk/wp-content/uploads/2011/05/1012888.pdf",S44: Selected full-text sections read; primary audit,Computing
E32,"Maynilad: concession exit constrained, restructuring and re-bid",Water,Philippines,1997 concession; end-2002 attempted exit; 2005–2006 tender preparation; 2007 re-bid; 2010 service comparison,Supplier financial distress and renegotiation,"MWSS, Maynilad, initial shareholders and creditors; DMCI/Metro Pacific new owners",Concessionaire sought exit after debt and currency crisis; tariff adjustments insufficient; arbitration did not permit either side to terminate.,MWSS legacy network and institutional capacity remained; new owner/capital not financed before initial exit demand.,USD22.7m debt-to-equity conversion gives MWSS 84% control; winning USD503.9m bid in December 2006; retained bid funds allowed future capital investment. New finance arranged after distress.,"MWSS uses performance bond and restructuring/re-bid processes; arbitrators deny unilateral exit to both parties. Supreme Court bond authority reported in case study, original judgment not opened.","Water customers, taxpayers, creditors and shareholders.","Institutional account reports NRW 67% in 2007 to 54% in first three quarters 2010, 13 percentage points; connections 703,519 to 874,527. Case-study estimates, not independent causal design.","About five years between 2002 attempted return and new shareholders; inherited network retained, ownership and funding restructured.",N,P,P,Counterexample,Authority with MWSS/creditors and new investors; customers lack same two rights.,Re-bid not immediate independent switch. Do not call bid equity amount a migration bill or attribute all leakage improvement to change of rights.,S45;S46,"S45: Utility on the rocks, Financial engineering and Transparency for failed exit, funds and re-bid; S46: opening comparison and Financial reengineering for 2007–2010 outcomes.",Asian Development Bank. Country Water Action: A Second Chance for an Ailing Utility—The Maynilad Experience. Undated in passages used. https://www.adb.org/results/country-water-action-second-chance-ailing-utility-maynilad-experience || Asian Development Bank. 31 December 2010. Country Water Action: Winning the War against Leaks and Losses. https://www.adb.org/results/country-water-action-winning-war-against-leaks-and-losses,S45: Relevant full-text sections read; institutional case study || S46: Full case-study body read; institutional account,Water
E33,California: power-price crisis and limits of bid refusal,Electricity,United States,1998–1999 baseline; 2000–2001 crisis; June 2001 regional mitigation; 2002 complaint/audit,Market price shock,"Retail utilities, California ISO, state DWR, FERC, CPUC and multiple generators",Wholesale power price rises in constrained market; bid caps/refusals and state procurement coexist with service emergencies.,Existing electricity infrastructure; insufficient reliable affordable alternative at full demand. No entirely independent funded standby system verified.,Utilities and then state DWR purchases; no fully financed adequate fallback before crisis demonstrated. Wholesale exposure and capped retail recovery differ.,ISO rejects bids/caps market offers; FERC controls wholesale regulation under Federal Power Act; CPUC complains under section 206. Residents have no individual refusal preserving power service.,"Electricity users, taxpayers and utilities; outages and high procurement bills affect different groups.","CPUC complaint reports average USD33/MWh in 1998–1999 versus USD317/MWh December 2000; USD27bn 2000 wholesale costs versus about USD7bn 1999; 55 emergencies in 2000. Complaint claims attributed, not adjudicated.",GAO links later price decline to multiple contemporaneous changes; caps alone do not establish reliable fallback or causal price recovery.,N,P,N,Partial fit,Regulators/market operator and procurement funders separate from residents and some utilities.,"Multiple suppliers, changing demand and generation make single-incumbent analogy weak. No formal model parameter calibration or independent causal cap effect.",S47;S48,"S47: section A, The California Electric Crisis for prices/costs/emergencies; introduction for section 206; S48: Results in Brief and cap chronology for mechanism and competing explanations.",California Public Utilities Commission. 2002 docket year; exact filing date not established in passages read. Section 206 Complaint before FERC: PUC v. Sellers of Long Term Contracts to California Department of Water Resources. Volume I. https://docs.cpuc.ca.gov/publishedDocs/published/REPORT/13484.htm || United States General Accounting Office. June 2002. Restructured Electricity Markets: California Market Design Enabled Exercise of Market Power. GAO-02-828. https://www.gao.gov/assets/a234932.html,"S47: Selected full-text sections read; complainant’s account, not adjudication || S48: Selected full-text sections read; primary audit",Energy
