occurrence,row,source_reference,locator_found,verdict,reading_depth,viewed_as
P176,E02,S04 — [supplier identity masked]. Financial result 1 January–31 December 2022. [supplier identity masked]. Publication year not established on the pages read.,Printed/PDF pp. 2–4: results p. 2; CEO award account p. 3; continuity p. 4,CONFIRMED,[section] pp. 2–4,extracted text
P177,E04,"S07 — Brazil, Ministry of Health. 2008. Brazil – Country Progress Report: Targets UNGASS, Brazilian Response 2005–2007.","Printed/PDF pp. 89–90, section 5",CONFIRMED,"[section] pp. 87, 89–90; S08 historical arts. 1–7 [full]",extracted text; source image inspected at printed p. 87
P178,E04,"S07 — Brazil, Ministry of Health. 2008. Brazil – Country Progress Report: Targets UNGASS, Brazilian Response 2005–2007.","Printed/PDF p. 87, Figure 16 (not Figure 26)",LOCATOR CORRECTED,"[page] p. 87, text and image",extracted text; source image inspected at printed p. 87
P179,E05,"S10 — Thailand, Ministry of Public Health. Thailand Health Profile 2008–2010. Chapter 12: Support for Access to Essential Drugs and Compulsory Licensing of Drugs. Publication date not established in chapter.",Printed pp. 456–458 (PDF pp. 4–6); conflicting year on p. 456; S09 pp. S26–S27 for 2006/2007 chronology,PARTLY SUPPORTED,[section] S10 pp. 456–459; S09 pp. S26–S27,extracted text; source image inspected at printed p. 456
P180,E06,"S10 — Thailand, Ministry of Public Health. Thailand Health Profile 2008–2010. Chapter 12: Support for Access to Essential Drugs and Compulsory Licensing of Drugs. Publication date not established in chapter.","S10 printed p. 456 and pp. 458–459; S09 printed S27, Figure 1",LOCATOR CORRECTED,"[section] S10 pp. 456–459; S09 pp. S26–S27, Figure 1 image",extracted text; source image inspected at printed p. 456
P181,E07,"S10 — Thailand, Ministry of Public Health. Thailand Health Profile 2008–2010. Chapter 12: Support for Access to Essential Drugs and Compulsory Licensing of Drugs. Publication date not established in chapter.","Printed p. 456, section 4 (PDF p. 4)",CONFIRMED,"[page] p. 456, image and extracted text",extracted text; source image inspected at printed p. 456
P182,E07,"S10 — Thailand, Ministry of Public Health. Thailand Health Profile 2008–2010. Chapter 12: Support for Access to Essential Drugs and Compulsory Licensing of Drugs. Publication date not established in chapter.","Printed p. 458, section 5 (PDF p. 6)",CONFIRMED,[page] p. 458,extracted text; source image inspected at printed p. 456
P183,E07,"S10 — Thailand, Ministry of Public Health. Thailand Health Profile 2008–2010. Chapter 12: Support for Access to Essential Drugs and Compulsory Licensing of Drugs. Publication date not established in chapter.","Printed p. 459, continuation of section 6 (PDF p. 7)",CONFIRMED,[page] p. 459,extracted text; source image inspected at printed p. 456
P184,E08,"S11 — Competition Commission of South Africa. December 2003. Commission Questions Conduct of Anti-retroviral Companies. Competition News, edition 14, pp. 1–2.",Not established,COULD NOT OPEN,[UNREAD] original failed to open,No original viewed for verification; see access record
P185,E08,"S12 — Competition Commission of South Africa. June 2014. Generic pharmaceuticals and competition in South Africa. Competition News, edition 49, pp. 17–19.","Printed/PDF p. 18, section 2.1",CONFIRMED,[section] p. 18 and cover metadata,extracted text
P186,E13,S21 — Bank of Russia. 2023. National Payment System Oversight Results 2021–2022.,"Printed p. 6 / PDF p. 7, Mir PS and Figure 2",CONFIRMED,"[page] p. 6; S19 article [full], S20 establishment paragraph [section]",extracted text
P187,E14,"S22 — Mariani, Lucas A., Jose Renato Haas Ornelas, and Bernardo Ricca. March 2023. Banks’ Physical Footprint and Financial Technology Adoption. Banco Central do Brasil Working Paper 576.","Printed pp. 8, 12–13 / PDF pp. 9, 13–14",CONFIRMED,"[section] printed pp. 8, 12–13",extracted text; source image inspected at printed p. 29
P188,E14,"S22 — Mariani, Lucas A., Jose Renato Haas Ornelas, and Bernardo Ricca. March 2023. Banks’ Physical Footprint and Financial Technology Adoption. Banco Central do Brasil Working Paper 576.","Printed p. 29 / PDF p. 30, Table 3, Quantity Total",CONFIRMED,"[page] p. 29, image and extracted text",extracted text; source image inspected at printed p. 29
P189,E17,"S26 — USAID, Office of Inspector General. September 2025. Ukraine Response: USAID Did Not Fully Mitigate the Risk of Misuse of [supplier identity masked] Terminals Delivered to Ukraine. Redacted inspection report.",Printed pp. 3–4 / PDF pp. 6–7; implemented-versus-draft restrictions on printed p. 5 / PDF p. 8; cover date 11 August 2025,PARTLY SUPPORTED,"[section] cover/memorandum, report-in-brief, printed pp. 3–5",extracted text; source image inspected at printed p. 3
P190,E18,"S28 — Supreme Court of California. 1994. [supplier identity masked] v. [supplier identity masked], 9 Cal. 4th 362.",No original paragraph locator verified; do not reuse extracted pp. 367–373 as a paragraph citation,COULD NOT OPEN,[UNREAD for adjudication] direct publisher access failed; initial web rendering excluded,No original viewed for verification; see access record
P191,E19,"S29 — [supplier identity masked]. 23 June 1969, with 20 August 1969 SHARE statement. New [supplier identity masked] Pricing Policy. Archival document collection, Computer History Museum, accession 102712825-05-01.","PDF pp. 1–2, customer letter of 23 June 1969",CONFIRMED,"[section] PDF pp. 1–4, 24–25; image pp. 1, 4","extracted text; source image inspected at PDF pp. 1, 4"
P192,E19,"S29 — [supplier identity masked]. 23 June 1969, with 20 August 1969 SHARE statement. New [supplier identity masked] Pricing Policy. Archival document collection, Computer History Museum, accession 102712825-05-01.","PDF p. 4, Agreement for Service (within pp. 3–4)",CONFIRMED,"[section] PDF pp. 3–4, p. 4 image","extracted text; source image inspected at PDF pp. 1, 4"
P193,E19,"S29 — [supplier identity masked]. 23 June 1969, with 20 August 1969 SHARE statement. New [supplier identity masked] Pricing Policy. Archival document collection, Computer History Museum, accession 102712825-05-01.","PDF pp. 24–25, title and opening remarks dated 20 August 1969",CONFIRMED,[section] PDF pp. 24–25,"extracted text; source image inspected at PDF pp. 1, 4"
P194,E24,"S34 — [supplier identity masked] and [supplier identity masked]. 20 September 2024. Memorandum of Law in Opposition to OSC for Preliminary Injunction. [supplier identity masked] v. [supplier identity masked] et al., Supreme Court of New York, New York County, index 654490/2024, NYSCEF document 57.",Not established,COULD NOT OPEN,[UNREAD] filing failed to open; S35 opening/legal recap [section] only,No original viewed for verification; see access record
P195,E26,"S38 — United States Department of Agriculture, Foreign Agricultural Service. 12 December 2016. Agricultural Biotechnology Annual: India. New Delhi GAIN report.","PDF p. 11, Related Issues: cotton trait licence guidelines",CONFIRMED,[page] S38 PDF p. 11; S37 release [full],extracted text
P196,E28,"S40 — World Bank, Operations Evaluation Department. 1 June 2000. Performance Audit Report: Bolivia Major Cities Water and Sewerage Rehabilitation Project (Credit 2187-BO). Report 20507.",Paras. 2.14–2.16 (printed p. 6 / PDF p. 16),CONFIRMED,[section] paras. 2.14–2.16 and Annex B 10–14,extracted text
P197,E28,"S40 — World Bank, Operations Evaluation Department. 1 June 2000. Performance Audit Report: Bolivia Major Cities Water and Sewerage Rehabilitation Project (Credit 2187-BO). Report 20507.","Annex B paras. 10–14, especially 12–14 (printed p. 15 / PDF p. 25)",CONFIRMED,[section] Annex B 10–14,extracted text
P198,E29,"S41 — ICSID Arbitral Tribunal. 24 July 2008. [supplier identity masked] v. United Republic of Tanzania, ARB/05/22, Award.","Tribunal paras. 792, 795–798; para. 759 is the respondent’s position introduced by 758",LOCATOR CORRECTED,"[section] paras. 758–759, 773–782, 791–800; images of 758–759 and 791–795",extracted text; source image inspected at paras. 758–759 and 791–795
P199,E29,"S41 — ICSID Arbitral Tribunal. 24 July 2008. [supplier identity masked] v. United Republic of Tanzania, ARB/05/22, Award.","Para. 814(b)(iv), (c), (e); supporting valuation/causation paras. 792–798",CONFIRMED,[section] para. 814 in extracted text; related paras. 792–798,extracted text; source image inspected at paras. 758–759 and 791–795
P200,E30,"S42 — ICSID Arbitral Tribunal. 9 April 2015. [supplier identity masked] v. Argentine Republic, ARB/03/19; [supplier identity masked] v. Argentine Republic, UNCITRAL proceeding, Award.",Paras. 1–5; para. 6 clarifies grounds of liability,CONFIRMED,"[section] cover, paras. 1–6 and operative 116–117",extracted text; source image inspected at para. 116
P201,E30,"S42 — ICSID Arbitral Tribunal. 9 April 2015. [supplier identity masked] v. Argentine Republic, ARB/03/19; [supplier identity masked] v. Argentine Republic, UNCITRAL proceeding, Award.","Para. 116(D) and 117(A)(5), (B)(4), (C)(4); interest from and after 1 November 2014",PARTLY SUPPORTED,[section] complete operative paras. 116–117; image of 116,extracted text; source image inspected at para. 116
P202,E31,"S44 — National Audit Office. 18 May 2011. The National Programme for IT in the NHS: an update on the delivery of detailed care records systems. HC 888, session 2010–2012.","Paras. 3.2–3.3; companion locator paras. 3.4–3.6 and Figure 12, not Figure 22",LOCATOR CORRECTED,"[section] paras. 3.1–3.10, printed pp. 26–28; image p. 27",extracted text; source image inspected at printed p. 27
