case_id,counting_status,country,income_group_at_dispute,world_bank_fiscal_year,income_anchor_date,income_source_locator,event_dates,system,supplier,case_class,supplier_change_or_threat,budget_position,cost_figures_and_status,alternative,alternative_existed_before_change,alternative_funder,decision_authority,harm_bearer,outcome,condition_1_funded_alternative,condition_2_refusal_authority,condition_3_affordable_operable_alternative,model_reading,evidence_status,source_ids,full_citations,source_links,reading_depth,claim_locators,limitations
G3-01,dispute or withdrawal episode,Ghana,Lower middle income,FY23,2022-07-01,"WB: Country Analytical History, GHA, FY23; fiscal year begins 1 July of preceding calendar year",July 2022–March 2023; September 2023 arrears report,National identity card production,Identity Management Systems and financing partners including CalBank,withholding,Partners reportedly withheld blank cards over arrears.,Official financial shortage; later payment released inputs.,"GH¢100m paid to CalBank [official]; 541,529-record backlog [official]; about $80m government arrears [NIA statement reported].",No different card-production service established.,Not observed,Government financed arrears clearance; no fallback finance observed.,Government financing authorities and NIA; bank/partners controlled release.,Applicants awaiting identity documents.,Blank cards released 14 March; printing began 18 March; 29 March completion was a forecast.,Not observed,Agency action; applicant refusal power not observed,No alternative established,Partial fit: cash and input dependence; not harmful-versus-harmless pricing,READ: episode supported by opened sources; disputed assertions and unknown outcomes retained explicitly,S01;S02,"National Identification Authority, Ghana (21 March 2023). NIA expedited printing of Ghana Cards. | Adu-Owusu, Prince (19 September 2023). Government still owes us – National Identification Authority. MyJoyOnline.",https://nia.gov.gh/nia-expedited-printing-of-ghana-cards/ | https://www.myjoyonline.com/government-still-owes-us-national-identification-authority/,S01: full text: complete official statement | S02: secondary account: complete article,Action/arrears S02 partner and debt paragraphs; release/backlog/schedule S01 paras 1–4,Payment is not alternative investment; forecast is not completion; partner attribution is secondary.
G3-02,dispute or withdrawal episode,Ghana,Lower middle income,FY20,2020-04-01,"WB: Country Analytical History, GHA, FY20; fiscal year begins 1 July of preceding calendar year",2020 replacement; 19 November 2024 arbitral outcome,Customs/trade processing,Ghana Community Network Services Limited (GCNet),government termination; weaker supplier,Incumbent challenged termination and fee exemptions/discounts; no unilateral new supplier term established.,Exit compensation obligation; replacement financing details unavailable.,"$5.4m due for early termination; $2,185,983.21 legal costs payable to Ghana [official account of award]; GH¢3.3bn damages and GH¢2.015bn interest were claims.","ICUMS, introduced June 2020.",Existence before termination not established,Government/replacement procurement; allocation and operating cost unknown.,Government; tribunal upheld lawful termination.,"Traders, customs users and taxpayers.",Replacement deployed; tribunal rejected large damages claim and limited compensation.,Replacement exists; prior funding timing unknown,Government exercised termination,Deployed replacement; comparable quality/cost unknown,Counterexample to inevitable incumbent power; not a test of joint resident rights,READ: episode supported by opened sources; disputed assertions and unknown outcomes retained explicitly,S03;S04,"Ministry of Finance, Ghana (2025). Programme Based Budget Estimates: Office of the Attorney-General and Ministry of Justice. | Ghana Revenue Authority (n.d.). ICUMS: Boosting Trade and Revenue Mobilisation. Accessed 4 October 2026.",https://www.mofep.gov.gh/sites/default/files/pbb-estimates/2025/2025-PBB-OAGMJ.pdf | https://gra.gov.gh/customs/icums/,S03: full text: selected official report section | S04: full text: complete substantive official page,Claims/award S03 printed p.10; switch S04 opening paragraphs,"Award account is official budget report, not complete award; no observed welfare savings."
G3-03,dispute or withdrawal episode,Ghana,Lower middle income,FY20,2020-05-01,"WB: Country Analytical History, GHA, FY20; fiscal year begins 1 July of preceding calendar year",Services through May 2020; suit reported 15 November 2023,National Single Window / integrated risk management,West Blue Ghana Limited,government termination; weaker supplier,Supplier demanded unpaid fees and equipment recovery following termination.,Alleged arrears; no appropriation or cash ceiling observed.,"GH¢149,357,692.71 + GH¢76,097,917.58 + GH¢64,092,215.07 claimed fees; 0.35% invoice-value rate.",ICUMS replaced predecessor platforms in June 2020.,Not established before termination,Government; replacement funding amount unknown.,GRA and Finance Ministry terminated; supplier sought judicial recovery.,Customs users and taxpayers; supplier bears unpaid receivables.,Suit reported; no final disposition verified; replacement separately documented.,Replacement financing timing unknown,Government termination demonstrated,Replacement operational per GRA; cost comparison missing,"Weaker-supplier comparison; separate creditor from GCNet, shared switch",READ: episode supported by opened sources; disputed assertions and unknown outcomes retained explicitly,S05;S04,"Arhinful, Ernest K. (15 November 2023). AG, GRA sued for terminating GH¢289m West Blue Ghana contract. MyJoyOnline. | Ghana Revenue Authority (n.d.). ICUMS: Boosting Trade and Revenue Mobilisation. Accessed 4 October 2026.",https://www.myjoyonline.com/ag-gra-sued-for-terminating-gh%C2%A2289m-west-blue-ghana-contract/ | https://gra.gov.gh/customs/icums/,S05: secondary account: complete article | S04: full text: complete substantive official page,Action/costs S05 paras 1–7; replacement S04 opening paragraphs,Headline GH¢289m conflates fee claim with contract value; record uses underlying claims; do not count shared replacement twice as independent outcome.
G3-04,dispute or withdrawal episode,Kenya,Lower middle income,FY23,2023-01-13,"WB: Country Analytical History, KEN, FY23; fiscal year begins 1 July of preceding calendar year",2017 transfer; 13 January 2023 handover; January 2024 consent; 2025 audit/official response,eCitizen government payments,Webmasters Kenya Limited; ownership litigants not all identified in summary,handover/control dispute,Audit found continuing vendor control despite government ownership; handover agreed but incomplete control reported.,Settlement expenditure observed; service appropriation and fallback allocation unknown.,"KSh127,850,950 paid to two system developers under January 2024 consent [audit; not all attributed to Webmasters].",Government operation of the same platform; same vendor retained for maintenance.,No independent supplier alternative established,Original development externally financed per secondary audit account; transition cost unknown.,"Treasury, ICT Ministry/ICT Authority, Immigration Ministry; court consent.",Citizens and agencies relying on payment services.,Audit for FY2023/24 found deficient control; August 2025 official said engine/source/control acquired.,Original funding is not fallback funding,Several agencies; end-user authority not established,Control disputed; independent operability not established,Partial fit; formal title and operational control diverge,READ: episode supported by opened sources; disputed assertions and unknown outcomes retained explicitly,S06;S07;S08,"Office of the Auditor-General, Kenya (2025). Auditor-General’s Summary Report on National Government 2023–2024. | Reagan, Sitati, Kenya News Agency (26 August 2025). Government affirms full ownership of e-Citizen platform. Government Advertising Agency. | Mumbi, Lucy (10 March 2026). Auditor General urges government to take full control of eCitizen platform. The Eastleigh Voice.",https://www.oagkenya.go.ke/wp-content/uploads/2025/04/Auditor-Generals-summary-Report-on-National-Government-2023-2024.pdf | https://gaa.go.ke/government-affirms-full-ownership-e-citizen-platform | https://eastleighvoice.co.ke/ecitizen%20portal/309980/auditor-general-urges-government-to-take-full-control-of-ecitizen-platform,S06: full text: selected audit section | S07: secondary account: complete report of official statements | S08: secondary account: selected article passages reporting March 2025 audit,Control/settlement S06 printed pp.38–39 items d–g; handover history S08 retrospective audit paragraphs; later response S07 paras 1–5,Special audit original inaccessible; retrospective press and official summary used; later assertion does not independently resolve audit finding.
G3-05,dispute or withdrawal episode,Malawi,Low income,FY24,2024-01-01,"WB: Country Analytical History, MWI, FY24; fiscal year begins 1 July of preceding calendar year",Contract terminated earlier; June 2023 claimed handover; January–March 2024 outage,Electronic passport issuance,Techno Brain,contested licence/withdrawal allegation,Licence-expiry shutdown alleged; supplier denied causing outage and asserted completed handover.,No verified service appropriation or arrears figure in sources used.,"Ordinary passport fee K90,000 to K50,000 announced [user fee; not migration cost].","Local specialists restored incumbent system, according to department.",Restoration after outage; vendor says source delivered June 2023,Government organised restoration; spending unknown.,President ordered restoration; Immigration Department managed it.,Passport applicants facing delays.,Department announced restoration 12 March; gradual printing planned; consumer groups sought proof of implementation.,No paid pre-shock alternative established,State direction; supplier causation contested,Restoration announced; throughput and backlog clearance unverified,Partial fit with conflicting causal accounts,READ: episode supported by opened sources; disputed assertions and unknown outcomes retained explicitly,S09;S10,"Malawi24 Reporter (27 February 2024). Techno Brain hits back at Malawi Government over passport system shutdown. Malawi24. | Chilora, Serah, and Isaac Salima (13 March 2024). Passport system “restored”. The Times Group.",https://malawi24.com/2024/02/27/techno-brain-hits-back-at-malawi-government-over-passport-system-shutdown/ | https://times.mw/passport-system-restored/,S09: secondary account: complete article including supplier denial | S10: secondary account: complete article,Supplier response S09 handover/denial paragraphs; restoration/fee S10 statement paragraphs,"Do not label outage proven supplier sabotage; K90,000–50,000 is 44.4% decrease despite inconsistent quoted percentage."
G3-06,dispute or withdrawal episode,Malawi,Low income,FY24,2024-06-03,"WB: Country Analytical History, MWI, FY24; fiscal year begins 1 July of preceding calendar year",21 August 2018–21 August 2021 BOT term; unresolved handover reported June 2024,Electronic visa issuance,TechnoBrain Global FZE,handover and revenue retention dispute,Government demanded overdue system/source handover and remittance of fees reportedly retained by contractor.,Reported revenue not remitted; no fallback appropriation observed.,"Over $21m / K36.7bn retained fees [government allegation]; $3,824,160 contractual supplier compensation over three years [press reading of contract].",State takeover under original BOT transfer obligations.,Contractual entitlement; completed takeover not established,Original BOT financing; takeover expenditure unknown.,"Immigration Department, government spokesperson and Attorney-General.",Visa applicants and taxpayers.,Officials demanded immediate handover; no completed transfer or remittance verified.,Transfer obligation is not funded independent alternative,Government demanded transfer; users lack shown activation authority,Source/document transfer outstanding as reported,Partial fit: expiry rights require implementation,READ: episode supported by opened sources; disputed assertions and unknown outcomes retained explicitly,S11,"Chimjeka, Rebecca (3 June 2024). TechnoBrain yet to remit K36 billion e-visa fees. The Times Group.",https://times.mw/technobrain-yet-to-remit-k36-billion-e-visa-fees/,S11: secondary account: complete article,Complete article: spokesperson on BOT expiry; compensation/escrow and source-code paragraphs,Underlying contract and supplier head-office response not read; allegation not judicial finding.
G3-07,dispute or withdrawal episode,Nigeria,Lower middle income,FY16,2015-12-09,"WB: Country Analytical History, NGA, FY16; fiscal year begins 1 July of preceding calendar year",2015 TSA fee controversy and December testimony,Treasury Single Account payment processing,"SystemSpecs / Remita, with banks and CBN",government fee revision; weaker supplier,"Government disputed authorisation of 1% charge, suspended payments and sought refund; no vendor fee hike established.",Government collections provide revenue scale; no hard service-budget ceiling observed.,"1% disputed charge; about N8bn returned [reported testimony]; N2.08trn total TSA receipts, N1.49trn fee-relevant receipts [reported].",CBN governor said its own transaction platform was available.,Available by testimony; construction timing unknown,CBN; investment/recurring costs unknown.,CBN and Accountant-General; Senate inquiry.,Public-service users and taxpayers; supplier cash flow.,Refund reported; vendor payments suspended; complete migration not demonstrated.,Alternative availability asserted; funding timing unknown,State could reopen terms; residents not shown to decide,Platform existence asserted; comparable service not measured,Counterexample: bargaining power also lies with public buyer,READ: episode supported by opened sources; disputed assertions and unknown outcomes retained explicitly,S12,"Nwabufo, Fredrick (9 December 2015). “We know nothing about 1% TSA charge”, says Emefiele. TheCable.",https://www.thecable.ng/know-nothing-1-tsa-charge-says-emefiele/,S12: secondary account: complete article,Fee/refund/budget/alternative: CBN and Accountant-General testimony paragraphs,"Reported refunds cannot establish illegality, whole-platform replacement or resource cost of safe supply."
G3-08,dispute or withdrawal episode,Nigeria,Lower middle income,FY18,2017-11-29,"WB: Country Analytical History, NGA, FY18; fiscal year begins 1 July of preceding calendar year",29 November 2017 committee recommendations; 11 July 2019 localisation/cancellation announcement; 2 June 2021 report of printing suspension,Electronic passports and chip certificate infrastructure,Iris Smart Technologies Limited,handover/localisation dispute and supply interruption,"2017 committee demanded paid PKI handover; 2019 state announced cancellation of foreign printing contracts; 2021 interruption attributed by press to foreign-exchange access, not proven strategic supplier withdrawal.",Paid PKI per committee; original service contractor-financed per press; foreign-exchange access constrained. No verified hard appropriation ceiling.,PKI price and transition spending unknown; reported exchange-rate changes are not a supplier price increase.,State mint/local production proposed; independently operable replacement not established.,"Proposed in 2017/2019; no tested, funded substitute documented before 2021 interruption",Paid PKI per committee; contractor-financed incumbent architecture/booklets per press; mint transition financing unknown.,Committee recommendations; executive localisation policy; NIS administers issuance and prices. Exercised replacement capacity unknown.,Passport applicants and state security users.,2019 cancellation/localisation policy announced; 2021 printing halt reported with resumption promised. Completed mint replacement and PKI handover unknown.,Paid incumbent asset; independent transition finance unknown,Executive policy announced; effective activation unknown,Continued interruption after policy; substitute capability/cost unverified,Partial fit/control problem; rival foreign-exchange and interagency mechanism,READ: episode supported by opened sources; disputed assertions and unknown outcomes retained explicitly,S13; S42,"House of Representatives, Nigeria (29 November 2017). Order Paper, No.75. | Oweh, Innocent (2 June 2021). How Conflicting Interests Led To Suspension Of U$280m Passport Issuance Scheme. Independent Newspaper Nigeria.",https://placng.org/i/wp-content/uploads/2019/12/House-of-reps-Order-paper-29-November-2017.pdf | https://independent.ng/how-conflicting-interests-led-to-suspension-of-u280m-passport-issuance-scheme/,S13: full text: selected parliamentary committee recommendations | S42: secondary account: complete substantive article,"S13: printed p.399, recommendations xii–xiv. S42: opening suspension paragraph; contractor-financed arrangement paragraphs; final July 2019 policy paragraphs.",2017 anchor income group retained for linked sequence; recommendations are not adopted action. 2021 causal account partly anonymous; official backlog explanation differs. Original executive directive and operational handover records UNVERIFIED; policy announcement is not completed replacement.
G3-09,dispute or withdrawal episode,Nigeria,Lower middle income,FY15,2015-01-01,"WB: Country Analytical History, NGA, FY15; fiscal year begins 1 July of preceding calendar year",2007 concession; around 2015 termination; 2019 injunction; December 2025 judgment reported February 2026,National digital identity cards,Chams Consortium Limited / Chams Plc,government termination; weaker supplier,Supplier contested termination and alleged misuse of confidential designs for competing card initiative.,Supplier sunk investment and damages liability alleged; public appropriation unknown.,"N52bn plus interest award upheld [press account]; over $100m preparation investment [reported]; execution filed, payment not verified.",NIMC/Mastercard card initiative described as competing.,Competing initiative by 2019; readiness at termination unknown,Government/partners; separate funding breakdown unknown.,NIMC terminated; arbitral tribunal and Federal High Court considered claims.,"Identity applicants, taxpayers and displaced supplier.",Award enforceable per report; no payment evidence.,Alternative investment details missing,Government exercised termination; courts constrain its cost,Competing scheme not proof of seamless switch,Weaker-supplier counterexample; legal protection has a fiscal price,READ: episode supported by opened sources; disputed assertions and unknown outcomes retained explicitly,S14,Royal Ibeh (3 February 2026). Nigerian court upholds N52bn arbitral award for Chams against NIMC in national ID concession dispute. BusinessDay.,https://businessday.ng/technology/article/nigerian-court-upholds-n52bn-arbitral-award-for-chams-against-nimc-in-national-id-concession-dispute/,S14: secondary account: complete article; underlying award/judgment not read,"Article paras 1–9, termination/confidential-information litigation and enforcement paragraphs","Underlying award not opened; N52bn attributed to reporter’s judgment-paper investigation, not independently verified primary document."
G3-10,boundary diagnostic only,Nigeria,Lower middle income,FY18,2017-11-29,"WB: Country Analytical History, NGA, FY18; fiscal year begins 1 July of preceding calendar year",2012/2014 agreements challenged in 2017 committee report,"CERPAC, e-Pass and airport immigration systems",Continental Transfer Technique (CONTEC),data/control and government exit dispute,"Committee sought database access, dismantling of stand-alone systems and suspension of revised revenue sharing; vendor unilateral term change not established.",Revenue-account controls challenged; service budget unavailable.,No verified switch cost; unrelated aggregate judgment amounts in same report excluded.,NIS direct control and understudy/takeover programme.,Proposed takeover within three months,NIS/government; dedicated transition funding unobserved.,House committee; ministries and NIS would implement exit negotiations.,"Migrants, travellers and taxpayers.",Recommendations to terminate/negotiate exit; implementation unknown.,No financed alternative established,Proposed inter-agency negotiations; no executed refusal shown,No completed takeover established,"Boundary comparison: control dispute, not proven price shock",READ: episode supported by opened sources; disputed assertions and unknown outcomes retained explicitly,S13,"House of Representatives, Nigeria (29 November 2017). Order Paper, No.75.",https://placng.org/i/wp-content/uploads/2019/12/House-of-reps-Order-paper-29-November-2017.pdf,S13: full text: selected parliamentary committee recommendations,"Printed p.398 recommendations i–v, viii–xi",Committee allegations/recommendations not court findings; kept distinct from Iris PKI system.
G3-11,dispute or withdrawal episode,Philippines,Lower middle income,FY13,2013-05-09,"WB: Country Analytical History, PHL, FY13; fiscal year begins 1 July of preceding calendar year","2012–2013 supplier dispute; code released for review 9 May, election 13 May 2013",PCOS automated election system,"Smartmatic-TIM; Dominion Voting Systems, source owner",source-code release dispute,Dispute between contractor and code owner delayed source-code availability for public review.,Public election preparation deadline; budget ceiling and source-release payment unknown.,"Four days before election; expert estimated proper review 4–6 months [opinion, not measured migration cost].",Independent code inspection; no replacement voting platform documented.,Inspection access delayed until four days before poll,COMELEC procurement; independent-system funding unknown.,COMELEC and supplier/code owner; central-bank escrow/review arrangements.,Voters and election stakeholders.,Code arrived and review opened; certification predated release; adequate public review not established.,No replacement funding observed,Election authority; citizen review is not accept/refuse power,Code received; alternative operation not established,Partial fit: operational timing constrains formal access,READ: episode supported by opened sources; disputed assertions and unknown outcomes retained explicitly,S15,"Legaspi, Amita (9 May 2013). With little time left, PCOS source code arrives for review. GMA News Online.",https://www.gmanetwork.com/news/topstories/nation/307501/with-little-time-left-pcos-source-code-arrives-for-review/story/,S15: secondary account: complete article,"Opening code-delivery paragraphs; certification, reviewer estimate and supplier dispute passages",Release not proof of code usability or election error; four-day window must not be called migration duration.
G3-12,dispute or withdrawal episode,South Africa,Upper middle income,FY10,2010-04-01,"WB: Country Analytical History, ZAF, FY10; fiscal year begins 1 July of preceding calendar year",2010–2011 WAIO dispute/settlement,Who Am I Online identity/immigration modernisation,Gijima / AST,government contract dispute; weaker supplier,Disputed WAIO contract settled; supplier absorbed a large settlement charge.,"DHA paid historic debts after Treasury consultation, exceeding voted allocation.",R374m pre-tax supplier settlement charge; R158m supplier cash outflow [supplier report].,SARS developed enhanced movement-control system ahead of 2010 World Cup.,Related subsystem before settlement; complete WAIO replacement not established,State SARS capacity; dedicated replacement amount not established.,DHA and Treasury negotiated settlement; SARS assisted.,"Identity/immigration users, taxpayers and supplier shareholders.",Settlement reported; related state system delivered; no complete like-for-like migration quantified.,State capacity exists; specific fallback finance not isolated,Government dispute/settlement power,Related system operational; whole-service equivalence missing,Counterexample: incumbent absorbed losses; fiscal ceiling was adjustable,READ: episode supported by opened sources; disputed assertions and unknown outcomes retained explicitly,S16;S17,"Department of Home Affairs, South Africa (2011). Annual Report 2010/11. | Gijima Group Limited (2011). Integrated Annual Report 2011, part 2.",https://www.gov.za/sites/default/files/gcis_document/201409/dhaannualreport20102011.pdf | https://www.sharedata.co.za/Data/005093/pdfs/GIJIMA_ar_jun11_part2.pdf,S16: full text: selected report sections | S17: full text: selected supplier financial-report sections,"Budget/alternative S16 printed pp.8,66; charge/cash S17 printed p.54 and note 2.13 p.80",Do not attribute entire DHA overspend to WAIO; related movement-control capacity is not replacement of all identity functions.
G3-13,dispute or withdrawal episode,South Africa,Upper middle income,FY12,2012-01-25,"WB: Country Analytical History, ZAF, FY12; fiscal year begins 1 July of preceding calendar year",January 2012 police cancellation; 2012–2013 DoD replacement contracts; November 2017 judgment,"SITA-procured police, health and defence IT support",Gijima Holdings,government termination/non-payment; weaker supplier,"Supplier challenged police contract cancellation, demanded compensation and pursued unpaid DoD services.",Payment dispute; no demonstrated affordability ceiling.,"About R20m prospective loss motivated settlement; R9,545,942.72 alleged DoD debt.",Replacement arrangement awarded supplier other departmental work; subsequent competing service not established.,Not established,State SITA contracts; funding of independent fallback unknown.,SITA terminated/declined renewal; Constitutional Court reviewed legality.,"Departmental users, taxpayers and contractor.",DoD appointment invalidated; supplier’s contractual rights preserved despite invalidity.,No pre-funded alternative documented,Government cancellation subject to judicial protection,Not measured,Weaker-supplier comparison; public procurement illegality is a different mechanism,READ: episode supported by opened sources; disputed assertions and unknown outcomes retained explicitly,S18,"Constitutional Court of South Africa (14 November 2017). State Information Technology Agency SOC Limited v Gijima Holdings (Pty) Limited [2017] ZACC 40, CCT254/16.",https://collections.concourt.org.za/bitstream/handle/20.500.12144/3877/Full%20judgment%20Official%20version%2014%20November%202017.pdf?isAllowed=y&sequence=23,S18: full text: selected judgment paragraphs and order,"Paras 3–10; order para 3(b), PDF p.25","R20m is anticipated loss, not observed replacement cost; invalidity does not extinguish compensation rights."
G3-14,dispute or withdrawal episode,South Africa,Upper middle income,FY14,2014-04-25,"WB: Country Analytical History, ZAF, FY14; fiscal year begins 1 July of preceding calendar year",June 2012 alleged variation; April 2014 payment; March 2018 refund order; September 2019 appeal,Biometric social-grant registration and payments,Cash Paymaster Services (CPS),additional payment demand; supplier ultimately weaker,CPS rejected reduced reimbursement and demanded full payment for claimed additional registration services.,"Agency initially paid demand; public-interest review challenged lawful basis, not measured inability to afford.","R316,447,361.41 payment; R16.44 all-inclusive monthly recipient fee [judgment]; refund with interest ordered.",Judicial review/restitution of payment; no contemporaneous supplier replacement in this dispute.,Not shown,No separate fallback expenditure documented.,SASSA CEO/Bid Adjudication Committee paid; Corruption Watch litigated; courts required repayment.,Taxpayers and grant beneficiaries.,Refund order upheld 30 September 2019; collection not verified here.,Not observed,Civil-society review influenced payment remedy; not operational veto,No alternative tested,Counterexample: enforceable legal constraint without resident-run alternative,READ: episode supported by opened sources; disputed assertions and unknown outcomes retained explicitly,S19,"Supreme Court of Appeal of South Africa (30 September 2019). Cash Paymaster Services (Pty) Ltd v Chief Executive Officer of the SASSA and others [2019] ZASCA 131, 1029/2018.",https://www.supremecourtofappeal.org.za/index.php/component/jdownloads/send/21-judgments-2019/1695-cash-paymaster-services-pty-ltd-v-chief-executive-officer-of-the-sassa-and-others-1029-2018-2019-zasca-131-30-september-2019?Itemid=0,S19: full text: selected judgment passages and dispositive order,"Paras 3–4,10–11,55–57; dispositive order",Distinct extra-registration fee dispute from 2018 transition; retrospective remedy not harmless-supply appropriation.
G3-15,dispute or withdrawal episode,South Africa,Upper middle income,FY18,2018-03-23,"WB: Country Analytical History, ZAF, FY18; fiscal year begins 1 July of preceding calendar year",March–September 2018 extension; December pricing dispute; 2019 disclosure,Social grants: biometric payments and residual cash pay points,Cash Paymaster Services (CPS),extension pricing and withdrawal/transition,CPS sought Treasury-based higher fees and a minimum payment floor as recipients migrated away.,Residual high-cost cash segment; transition budget and comparable full-service costs not established.,"R16.44 prior recipient fee; R51 cash-point fee recommended, not automatically ratified; R19.48 other biometric and R108.75 new-enrolment recommendations [affidavit].","SAPO/Postbank and commercial-bank channels, staged takeover.",SAPO agreement November/December 2017; incomplete residual cash coverage at March expiry,State/public-sector arrangement; incremental build and recurring allocations unavailable.,"SASSA, Treasury and Constitutional Court; beneficiary groups litigated but did not hold routine procurement authority.","Grant recipients, especially remote cash users.",CPS ceased operations for SASSA 30 September; SAPO reported substantial September payments; fee litigation continued.,Prior public arrangement; exact transition funding unobserved,Court could extend old terms; collective operational refusal not established,Partial at expiry; observed expanded payments by September,Partial fit with successful switch; no demonstrated net welfare or cost saving,READ: episode supported by opened sources; disputed assertions and unknown outcomes retained explicitly,S20;S21;S22,"Net 1 UEPS Technologies, Inc. (2019). Form 10-K for fiscal year ended 30 June 2019. | Kotze, Herman Gideon, for Cash Paymaster Services (2018). Founding affidavit, CCT48/2017. Constitutional Court collection. | South African Post Office / Department of Telecommunications and Postal Services (19 September 2018). Post Office on payment of social grants recipients in September.",https://www.sec.gov/Archives/edgar/data/1041514/000106299319004031/form10k.htm | https://collections.concourt.org.za/server/api/core/bitstreams/051b7396-9624-41cd-b093-d02dc049e61a/content | https://www.gov.za/news/media-statements/post-office-payment-social-grants-recipients-september-19-sep-2018,"S20: full text: selected supplier regulatory disclosure sections | S21: full text: selected litigant affidavit, not judicial findings | S22: full text: complete official statement as opened; operational claims by provider","Pricing/outcome S20 Item3 dispute and Item7 overview; prior alternative/floor S21 paras10,14–18; payment/control S22 opening and safeguards paragraphs",Do not interpret R51/16.44 as like-for-like price rise; recipient mix changed; provider reports not independent service-quality evaluation.
G3-16,dispute or withdrawal episode,South Africa,Upper middle income,FY11,2010-11-25,"WB: Country Analytical History, ZAF, FY11; fiscal year begins 1 July of preceding calendar year",2009 ECM award; November 2010 interdict; January 2011 failed settlement,CIPRO electronic content management,Valor IT,government termination; weaker supplier,Supplier sought interdict and settlement after state cancelled award; government rejected further payment.,Government said payment legally irregular; fiscal insufficiency not demonstrated.,No verified amount in official source; government expressly disputed circulating figures.,No successor ECM platform verified.,Not observed,Not observed,Trade and Industry Director-General cancelled; court asked parties to explore settlement.,"Registry users, taxpayers and contractor.",No settlement as of 26 January 2011; final litigation outcome unverified.,Not observed,Government exercised cancellation; legality unresolved in source,Not observed,Weaker-supplier boundary; legality rather than cash constraint,READ: episode supported by opened sources; disputed assertions and unknown outcomes retained explicitly,S23,"Department of Trade and Industry, South Africa (26 January 2011). The Department of Trade and Industry dismisses Valor IT out of court settlement.",https://www.gov.za/news/media-statements/department-trade-and-industry-dismisses-valor-it-out-court-settlement-26-jan,S23: full text: complete official statement; government party’s account,Official statement paras 1–9,Government party account; forensic findings/merits judgment not separately opened; no invented settlement number.
G3-17,dispute or withdrawal episode,Sri Lanka,Lower middle income,FY24,2024-04-17,"WB: Country Analytical History, LKA, FY24; fiscal year begins 1 July of preceding calendar year",December 2023 new contract; April 2024 cutover; August injunction; ETA restored 27 September 2024; 2025 contempt ruling,Online visas / Electronic Travel Authorization,GBS Technology Services & IVS Global-FZCO; VF Worldwide; former Mobitel service,government-chosen new terms; court-ordered reversal,New foreign-provider system replaced prior ETA; no incumbent unilateral renegotiation established; public challenge caused suspension.,User-fee and revenue-control dispute; audit could not verify all foreign-account receipts; no safe/harmful cost pair.,"No fee or termination-cost amount independently extracted in cited report sections; restoration lag 2 August–27 September is dated, not technical migration duration.",Pre-existing Mobitel ETA system.,Yes; previously operational to 16 April 2024,Prior government/telecom arrangement; incremental reactivation and continuing budget not isolated.,Cabinet approved new contract; Supreme Court ordered reversal; Immigration controller delayed implementation.,"Visa applicants, tourism businesses and taxpayers.",Official notice confirms ETA restoration 27 September; contempt judgment finds implementable order not promptly followed.,Existing capacity; funding discretion/incidence not identified,Judicial refusal/reversal distinct from administrator activation,Mobitel stated ready 7 August; actual restoration delayed,Counterexample to incumbent-only causation; activation authority is consequential,READ: episode supported by opened sources; disputed assertions and unknown outcomes retained explicitly,S24;S25;S26,"Supreme Court of Sri Lanka (2025). Judgment, SC/CONTEMPT/03/2025, concerning non-compliance with visa-system interim orders. | National Audit Office, Sri Lanka (2025). Special audit report on online visa issuance process, English report. | National Secretariat for Non-Governmental Organizations, Sri Lanka (2 October 2024). NGO Short Term VISA Can be Obtained Using the Restored ETA System.",https://supremecourt.lk/wp-content/uploads/judgements/sc_cont_3_-2025.pdf | https://naosl.gov.lk/web/images/audit-reports/upload/2025/spcial/ONLINE-VISA-ENGLISH-co.pdf | https://ngosec.gov.lk/news-events/ngo-short-term-visa-can-be-obtained-using-the-restored-eta-system,S24: full text: selected judgment passages | S25: full text: selected report sections; annexes not comprehensively read | S26: full text: complete official notice,"Procurement/audit S25 Introduction PDF p.5, limitations p.8; readiness/nonimplementation S24 paras21–22,58–59; restoration S26 opening",New provider was selected by government; legal refusal did not retain old supplier terms automatically; no measured migration expenditure.
G3-18,dispute or withdrawal episode,DR Congo,Low income,FY20,2020-05-15,"WB: Country Analytical History, COD, FY20; fiscal year begins 1 July of preceding calendar year",2015 agreement; May 2020 non-renewal announcement,Biometric passports,Semlex Europe,refusal to revise price/terms,Presidential sources said vendor refused price/protocol revision; government planned non-renewal at June expiry.,Passport affordability politically contested; ministry appropriation unknown.,No validated price/switch-cost figure in passages used.,New procurement under discussion.,No ready replacement established,Not observed,President/executive; procurement route undecided.,Passport applicants.,Non-renewal announced; completed replacement and price effect not verified.,Not observed,Executive can decline renewal,Not observed,"Partial fit: resisted terms, uncertain fallback",READ: episode supported by opened sources; disputed assertions and unknown outcomes retained explicitly,S27,ACTUALITE.CD (15 May 2020). RDC : une procédure a été lancée pour envisager « l’après Semlex ».,https://actualite.cd/2020/05/15/rdc-une-procedure-ete-lancee-pour-envisager-lapres-semlex,S27: secondary account: complete French article,"Article paras 1–3,6–8",Anonymous official sources; expiry announcement not measured successful switch; corruption allegations not adopted as findings.
G3-19,boundary diagnostic only,Sierra Leone,Low income,FY20,2019-08-01,"WB: Country Analytical History, SLE, FY20; fiscal year begins 1 July of preceding calendar year",2014 contract; 2015–2018 audit period; August 2019 exchange-rate comparison,Electronic passports,De La Rue and Netpage,budget/FX conflict; prospective withdrawal risk,"Fixed local-currency fee reduced vendor dollar proceeds; audit warned of future nonperformance/litigation, not an observed new threat.",Pre-contract $4m government debt; private sale receipts exposed to FX depreciation.,"Le750,000 fixed fee: $100 at agreement, about $75 by August 2019 [audit]; $4m prior debt [audit].",Private production/sale arrangement replaced prior government payment problem; no independent fallback.,No alternative at 2019 conflict shown,Applicants financed via fees; transition reserve unobserved.,Internal Affairs Ministry with central bank/procurement authority consultation.,Passport users and suppliers exposed to currency movements.,Management proposed adjusted fee; said no shortages since contract award; audit verified proposed release only.,No fallback investment established,Government retains fee policy; applicants do not,Incumbent service maintained; successor not shown,Boundary: supplier weaker under FX; withdrawal risk is prospective,READ: episode supported by opened sources; disputed assertions and unknown outcomes retained explicitly,S28,"Audit Service Sierra Leone (n.d.). Performance Audit Report on the Management of Passports and Other Travelling Documents, review period 2015–2018.",https://website.auditservice.gov.sl/wp-content/uploads/2023/12/Performance-Audit-Report-on-Management-of-Passports.pdf,S28: full text: selected audit section,"§3.1.1 printed pp.14–15, including management response and auditor comment","Earlier cessation attributed by audit to press, not independently established; no claim of actual 2019 vendor withdrawal."
G3-20,dispute or withdrawal episode,Liberia,Low income,FY20,2019-07-22,"WB: Country Analytical History, LBR, FY20; fiscal year begins 1 July of preceding calendar year",2017 extension; January–July 2019 fee/stock dispute,Biometric passport supply and personalisation,Buck Press Limited; upstream OeSD,price-reduction refusal / interrupted supply,Supplier reportedly resisted $50 to $45 user-fee cut unless ministry bore loss; government alleged repeated shortages and breaches.,Guaranteed revenue/minimum-volume arrangement; government arrears to upstream firm not independently proven.,"$11.5m target; 174,000 passports; possible additional 60,000 and 24-month extension [press reading]; less than 20 ordinary passports in ministry stock [notice reported].",Government obtained emergency booklets directly from upstream OeSD.,Emergency after shortages; pre-shock independent system not shown,Government emergency purchase; amount unknown.,Foreign Ministry issued cancellation notice and stopped escrow payments pending audit.,"Passport applicants, diaspora and taxpayers.",Emergency quantities reportedly delivered; cancellation meeting planned; final contract exit unverified.,"Emergency finance, not pre-funded fallback",Ministry refusal/withheld escrow; applicant power not shown,Emergency supply observed; whole-system replacement unknown,Partial fit: price resistance plus government counter-leverage,READ: episode supported by opened sources; disputed assertions and unknown outcomes retained explicitly,S29,"Sieh, Rodney (22 July 2019). Liberia Poised to Cancel Bad Deal with Ghanaian Firm, Milking Country Over Biometric Passports. FrontPageAfrica.",https://frontpageafricaonline.com/liberia-poised-to-cancel-bad-deal-with-ghanaian-firm-milking-country-over-biometric-passports/,"S29: secondary account: complete substantive article; documents quoted by reporter, originals not read",100 Percent Proceeds; Cancellation Notice; USD50 to USD45 sections,Reporter’s documents not independently opened; guarantee not a unilateral mid-contract change; do not misidentify upstream supplier nationality.
G3-21,dispute or withdrawal episode,Nepal,Lower middle income,FY23,2022-08-16,"WB: Country Analytical History, NPL, FY23; fiscal year begins 1 July of preceding calendar year",2016 award; August–December 2022 language dispute; December 2023 volume pressure,Digitally registered embossed vehicle plates,Tiger Decatur / Decatur-Tiger,price for specification change and volume penalty,Supplier reportedly sought extra $6m for Nepali lettering; later pressed rollout under reported minimum-compensation provision.,Appropriation unavailable; state retained design after public criticism.,"$6m / about Rs770m estimated extra [supplier official reported]; 95% compensation described as $38.7m [press, original contract unread].",Retain English design/legacy registration; no alternate compliant contractor verified.,Existing design yes; equivalent new provider not shown,State/vehicle-owner fees; independent fallback funding unknown.,Transport Ministry and Department of Transport Management.,Vehicle owners and taxpayers.,English design retained December 2022; compulsory installation pursued; eventual compensation not verified.,Not observed,State chose specification; affected owners had no demonstrated veto,Retained system; interchangeable replacement not established,Partial fit/boundary: requested scope change is not unilateral same-service price hike,READ: episode supported by opened sources; disputed assertions and unknown outcomes retained explicitly,S30;S31;S32,"Onlinekhabar (16 August 2022). Contractor demands Rs 770 million more to print embossed number plates in Nepali. | Onlinekhabar (6 December 2022). Language and design of embossed number plates won’t change, says government. | Onlinekhabar (4 December 2023). Govt planning to enforce embossed number plates throughout the country.",https://english.onlinekhabar.com/nepali-embossed-number-plate-cost.html | https://english.onlinekhabar.com/language-design-embossed-number-plate.html | https://english.onlinekhabar.com/mandatory-embossed-number-plate.html,S30: secondary account: complete article | S31: secondary account: complete article | S32: secondary account: complete article,Price S30 paras1–4; decision S31 paras1–5; pressure/penalty S32 paras1–6,"Supplier response initially unofficial; contractual penalty amount is secondary and ambiguous as a percentage/base; no award/payment shown; Nepal low income at 2016 award, lower middle at dispute."
G3-22,dispute or withdrawal episode,Rwanda,Low income,FY24,2023-08-11,"WB: Country Analytical History, RWA, FY24; fiscal year begins 1 July of preceding calendar year",2020 ten-year partnership; August 2023 winding-down notice; cessation in 2023 reported later,Public-linked virtual primary care,Babyl / Babylon,withdrawal through supplier financial failure,Parent financing failure led to winding-down notice; no strategic price threat established.,No Rwanda operating-budget breakout; external grants funded service development rather than a fallback.,"2.8m users by end 2022 [supplier figures reported]; $2,247,551 foundation grants [foundation confirmation to reporter]; no replacement-cost measure.",Potential new partners sought; equivalent continuity service not established.,No funded replacement shown,Foundation/state partnership supported incumbent; fallback payer unknown.,Supplier leadership announced wind-down; Ministry role in replacement unverified.,Patients relying on remote consultations.,Coalition summary says service ceased in 2023 due to bankruptcy.,Incumbent finance is not contingency finance,No demonstrated government power to compel financially viable continuation,Not established,Boundary: insolvency risk differs from profitable harmful-offer mechanism,READ: episode supported by opened sources; disputed assertions and unknown outcomes retained explicitly,S33;S34,"Jennings, Katie (11 August 2023). Babylon “Winding Down” Operations In Rwanda, Potentially Disrupting Care For 2.8 Million People. Forbes. | Digital Connected Care Coalition (4 April 2025). Scaling Digital Healthcare Solutions in Rwanda.",https://www.forbes.com/sites/katiejennings/2023/08/11/babylon-winding-down-operations-in-rwanda-potentially-disrupting-care-for-28-million-people/ | https://www.digitalconnectedcarecoalition.org/downloads/scaling-digital-healthcare-solutions-in-rwanda/,S33: secondary account: complete article | S34: secondary account: full publication summary only; linked case report not read,"S33 partnership/users, employee email, grants and no financial breakout paragraphs; S34 full summary","User counts describe registration, not unique harmed patients; no measured disruption severity; coalition case-report full text not read."
G3-23,dispute or withdrawal episode,Malaysia,Upper middle income,FY19,2018-12-01,"WB: Country Analytical History, MYS, FY19; fiscal year begins 1 July of preceding calendar year",2017 award; December 2018 cancellation; 2019 claim; March–May 2025 settlement,National Immigration Control System (SKIN),Prestariang SKIN / AwanBiru,government termination; weaker supplier,Supplier sued after cost-cutting cancellation; no supplier unilateral new term established.,Government sought expenditure reduction; settlement ultimately paid.,RM3.5bn project; RM733m claim reported; RM231.55m prior court award; RM201.45m final settlement received [press report of filing].,Existing immigration system remained intended predecessor; new fallback readiness unverified.,Legacy system implied; equivalent upgrade not shown,Government settlement; fallback build spending unknown.,Federal government cancelled; Court of Appeal consent settlement.,"Immigration users, taxpayers and contractor.",Final settlement received 14 May 2025 according to corporate filing report.,Not established,Government cancellation; supplier legal compensation,No replacement performance measurement,Weaker-supplier counterexample; exit can have measured fiscal cost,READ: episode supported by opened sources; disputed assertions and unknown outcomes retained explicitly,S35,"The Edge Malaysia (14 May 2025; edited by Lee Weng Khuen). AwanBiru gets RM201m govt settlement, ending seven-year dispute over scrapped RM3.5b SKIN project.",https://theedgemalaysia.com/node/755154,S35: secondary account: complete article; report of corporate filing,Article paras1–6,Paid compensation is not cost of running destination service; article says seven-year dispute but use dated sequence.
G3-24,dispute or withdrawal episode,Malaysia,Upper middle income,FY24,2023-08-10,"WB: Country Analytical History, MYS, FY24; fiscal year begins 1 July of preceding calendar year",10 August 2023 termination; 22 August dispute letter; September AGM,National Integrated Immigration System (NIISe),"IRIS Information Technology Systems, IRIS subsidiary",government termination; weaker supplier,Supplier disputed immediate termination as unlawful and reserved legal remedies.,Subsidiary balance-sheet exposure shown; service-budget ceiling unknown.,RM1.12bn contract [press]; RM98.81m subsidiary assets and RM29.34m liabilities as at 31 March 2023 [minutes; not project investment].,Successor vendor not independently verified in sources read.,Not established,Not observed,Home Affairs Ministry terminated; supplier sought legal advice.,Immigration users and contractor/shareholders.,Supplier could no longer continue; financial impact and merits unresolved in September 2023 source.,Not observed,Government exercised termination,Not established,Weaker-supplier comparison; distinct contract from SKIN,READ: episode supported by opened sources; disputed assertions and unknown outcomes retained explicitly,S36;S37,IRIS Corporation Berhad (20 September 2023). Minutes of the Twenty-Ninth Annual General Meeting. | The Star (14 August 2023). Iris’ NIISe RM1.12bil contract terminated.,https://www.iris.com.my/wp-content/uploads/2023/10/Minutes-of-29th-AGM.pdf | https://www.thestar.com.my/business/business-news/2023/08/14/iris039-niise-contract-terminated,S36: full text: selected corporate minutes and annexed responses | S37: secondary account: public opening two paragraphs only; remaining article access restricted,Notice/value S37 opening paras; dispute S36 Annexure1 Q2 PDF p.11; balance sheet p.12; AppendixA p.7,Assets minus liabilities must not be labelled build cost; no later award/switch claimed.
G3-25,dispute or withdrawal episode,India,Lower middle income,FY16,2016-01-14,"WB: Country Analytical History, IND, FY16; fiscal year begins 1 July of preceding calendar year",2011 AWATAR2 agreement; 2016 termination/transfer; 2018 arbitration; November 2021 judgment,KSRTC online bus reservation (AWATAR 2.0),Radiant Info Systems Limited,source/data dispute and government termination,Agency alleged incomplete source delivery; supplier sought to stop termination/competitor use of code and data.,Public authority paid transaction fees; no fiscal ceiling established.,"₹39,948,770 supplier award; ₹24,828,600 agency counter-award subject to set-off [judgment summary]; not migration costs.",AbhiBus received source code 31 July 2016 per judgment’s factual account.,New process solicited after January notice; before July transfer,KSRTC; independent build/operating amount unobserved.,KSRTC issued notice; court upheld arbitral disposition under limited review.,"Passengers, public authority and incumbent supplier.",Contract assigned source proprietary rights to KSRTC; supplier failed to establish transfer-related loss; both challenges dismissed.,Replacement timing observed; finance not isolated,Government contractual source rights; passengers lacked routine refusal authority,Transfer observed; comparative uptime/cost missing,Partial fit with counterexample: source rights constrain incumbent,READ: episode supported by opened sources; disputed assertions and unknown outcomes retained explicitly,S38,"H.R. Radha, LXXXIV Additional City Civil and Sessions Judge, Bengaluru (27 November 2021). KSRTC v Radiant Info Systems Limited, Com.A.S.No.17 and 24 of 2019.",https://indiankanoon.org/doc/68267024/,S38: full text: selected judgment passages including party pleadings and holdings,Pleadings paras3–4; award para9; holdings paras40–42; order para68,"Allegations about useless code are not adopted as findings; no fully comparable AbhiBus price or measured quality claim; India low income in 2005 legacy period, lower middle at dispute."
G3-26,dispute or withdrawal episode,Kenya,Lower middle income,FY20,2019-11-18,"WB: Country Analytical History, KEN, FY20; fiscal year begins 1 July of preceding calendar year",October 2017 award; 2018–2019 stalled financing; November 2019 cancellation,Health Care Information Technology (HCIT) hospital network,Seven Seas Technologies,financing condition and government termination; weaker supplier,Supplier sought government support letter to release financing; ministry disputed legal basis and cancelled for illegality/delay.,Contractor financing bottleneck; not established that state budget could pay only harmful supply.,KSh4.9bn award; equipment over KSh250m at port [supplier testimony reported]; no final damages amount used.,No equivalent replacement hospital network verified.,Not established,Contractor bank financing depended on support letter; fallback funding absent.,Health Principal Secretary cancelled on Attorney-General advice; supplier testified to Senate.,"Patients, hospital staff, taxpayers and supplier.",Cancellation letter and removal direction reported; ultimate merits/service outcome unverified.,Uncompleted project finance; no fallback budget,Government refused disputed financing commitment,Not established,Boundary/rival: procurement and supplier finance rather than incumbent price power,READ: episode supported by opened sources; disputed assertions and unknown outcomes retained explicitly,S39,"Mutembei, Richard (25 November 2019). Ministry cancels Sh4.9b contract. The Standard.",https://www.standardmedia.co.ke/amp/counties/article/2001350696/ministry-cancels-sh49b-contract,S39: secondary account: complete article including ministry and supplier accounts,"Opening cancellation paragraphs; Support letter section, equipment/financing and AG advisory paragraphs",Counts of covered hospitals conflict within article; omit single coverage count; ministry and supplier accounts remain allegations.
G3-27,dispute or withdrawal episode,Philippines,Lower middle income,FY24,2023-11-29,"WB: Country Analytical History, PHL, FY24; fiscal year begins 1 July of preceding calendar year",29 November 2023 exclusion; April 2024 judicial reversal,Automated election system procurement for 2025,Smartmatic-TIM; successor Miru Systems,government exclusion; weaker supplier,Incumbent contested disqualification and sought injunction; no unilateral supplier term change established.,Procurement timetable invoked; no fiscal constraint verified.,No verified contract or transition amount in passages used.,Miru awarded successor election-system contract.,Successor award after exclusion; pre-funded competing system not established,COMELEC public procurement; transition allocation not isolated.,COMELEC excluded supplier; Supreme Court reversed exclusion while leaving Miru award standing.,"Voters, taxpayers and excluded supplier.",Future bidder eligibility restored; replacement award remained; actual 2025 election performance not established by 2024 sources.,New procurement; not proven pre-funded fallback,State exclusion bounded by procurement rules,Successor award; delivery/performance not verified,Weaker-supplier comparison; future competition remedy differs from retaining incumbent service,READ: episode supported by opened sources; disputed assertions and unknown outcomes retained explicitly,S40;S41,"Casilao, Joahna Lei (17 April 2024). Comelec committed grave abuse in disqualifying Smartmatic —SC. GMA Integrated News. | Laudiangco, John Rex C., Commission on Elections, Philippines (18 April 2024). Press statement: Supreme Court’s decision to reverse COMELEC resolution disqualifying Smartmatic from participating in COMELEC’s procurement activities.",https://www.gmanetwork.com/news/topstories/nation/903904/comelec-grave-abuse-smartmatic-supreme-court/story/ | https://www.comelec.gov.ph/php-tpls-attachments/2025NLE/PressReleases/18April2024SCDecision.pdf,"S40: secondary account: complete article, including judicial spokesperson and supplier response | S41: full text: complete two-page statement; respondent agency’s account of court ruling",Exclusion and supplier response S40 section Comelec disqualifies Smartmatic; decision and retained award S41 pp.1–2,Underlying merits judgment inaccessible; official statement had not yet received judgment copy; award is not completed successful switch.
