sid,tender_title,buyer,local_text_file,exit_transition,data_return_export,financing_alternative,buyer_consent_to_changes,incorporates_GCC,page_or_section,note
S01,DHA01-2024,Home Affairs,ocds-9t57fa-163670__6ae7d866-364a-4eb0-bdaa-baf7e0c6505a.txt,,,,,,,
S02,LDE/B13/2026/27,Limpopo - Education,ocds-9t57fa-164154__8729da97-5a34-49e4-9135-0eaf33e2eb6e.txt,,,,,,,
S03,DBAC04/05/2025-26,Labour,ocds-9t57fa-137490__6f774c64-07b1-4b54-97c4-63160b6bdff5.txt,,,,,,,
S04,PSA/RFQ 20/03/2026,Productivity SA,ocds-9t57fa-162402__2d3e69f8-e943-4177-9b85-3a9406e42730.txt,,,,,,,
S05,BSM 97/24,Stellenbosch Municipality,ocds-9t57fa-87688__906e56f5-0b18-46fb-91e5-58411baa6606.txt,,,,,,,
S06,RFQ10654,KwaZulu-Natal Tourism Authority,ocds-9t57fa-79354__f1a3f28d-a3c2-460f-94bb-debc08f729b4.txt,,,,,,,
S07,SCMU  38/2024,Greater Tzaneen Municipality,ocds-9t57fa-106857__15c5bb8c-8d2e-4024-a768-a6318177a2fd.txt,,,,,,,
S08,RAF/2023/00006,Road Accident Fund,ocds-9t57fa-54848__77b33fac-6a2c-400d-8ec4-27c1a4d3af5b.txt,,,,,,,
S09,FAIS2026/27 - T001 ,Office of the Ombud for Financial Service Providers,ocds-9t57fa-169918__56498da4-6eed-4cdf-a0e4-0ae6016003ec.txt,,,,,,,
S10,RFT-10-2024_25,Interfront,ocds-9t57fa-94541__b87fd403-6566-4c4e-b510-aeac21e7bd16.txt,,,,,,,
S11,E2112RTDMWP,ESKOM,ocds-9t57fa-138725__7859bbc5-f011-4ee4-8443-18174ca7aa3e.txt,,,,,,,
S12,RSR/RFP/ICT/IAAS/26/04/06,Railway Safety Regulator,ocds-9t57fa-153377__e9804c9a-71fb-41ec-8820-afa86c6d06e1.txt,,,,,,,
S13,RFQ 534-09-2023 ,Lejweleputswa District Municipality,ocds-9t57fa-66210__2b7b0aa3-46da-454a-a948-a7a67773dd74.txt,,,,,,,
S14,TCC/2022/12/0001/18787/RFP addendum 3,Transnet SOC Ltd,ocds-9t57fa-46270__36fa61ae-bd56-4baf-8ec7-063ac7c96d5c.txt,,,,,,,
S15,DSM 11/24,Stellenbosch Municipality,ocds-9t57fa-87012__75fc77c3-1b36-48a5-baa1-f31af4dffef3.txt,,,,,,,
S16,SCM/BID 017/2025-26,Fezile Dabi District Municipality,ocds-9t57fa-158978__fec89d0f-fdf6-4c1b-9ecb-5cc15f6e0bec.txt,,,,,,,
S17,NSG/BID/01/2025/2026,National School of Government,ocds-9t57fa-126943__39984b7e-7c5d-41e9-813b-d0f1c8e1f28e.txt,,,,,,,
S18,RFQ 590-04-2024 ,Lejweleputswa District Municipality,ocds-9t57fa-88068__81aebf4d-a548-40fe-9545-1061c2560021.txt,,,,,,,
S19,REISSUE KZNGFA RFQ 2026-09,KZN Growth Fund Trust,ocds-9t57fa-170040__9d3c4bef-e806-4006-b4c1-0a6cbe4093f1.txt,,,,,,,
S20,EWSETA/RFQ/036/2026,Energy and Water Sector Education and Training Authority,ocds-9t57fa-170703__3c48810d-d530-4503-bf07-7104c0b444e3.txt,,,,,,,
