vid,supplier_type,contract_type,value_COP,contract_object (Spanish),your_category,note
V042,firm,Consultoría,37500000,PARAMETRIZACIÓN; CONFIGURACIÓN; DESPLIEGUE Y PUESTA EN FUNCIONAMIENTO DE UNA PLATAFORMA TECNOLÓGICA CLOUD COMPUTING PARA LA GESTIÓN DIGITAL INTEGRAL DE LA COMISARÍA DE FAMILIA DE CAMPOALEGRE; INCORPORANDO TECNOLOGÍAS DE INTELIGENCIA ARTIFICIAL (IA); BAJO LA MODALIDAD DE SOFTWARE COMO SERVICIO (SAAS),ai_product_or_platform,
V020,firm,Suministros,25380000,"TI-44-36 Contratar el suministro de servicios de computación en la nube sobre Google Cloud Platform (GCP); para soportar las soluciones de inteligencia de negocios; analítica de datos y demás proyectos tecnológicos de la Auditoría General de la República; garantizando la disponibilidad; escalabilidad; continuidad y seguridad de los entornos de procesamiento y almacenamiento institucional.

ALCANCE TÉCNICO

El contratista deberá suministrar los servicios cloud requeridos por la Auditoría General",cloud_or_software_nonAI,
V051,firm,Prestación de servicios,14036000,PRESTACIÓN DE SERVICIOS DE CAPACITACIÓN EN INTELIGENCIA ARTIFICIAL GENERATIVA PARA LOS FUNCIONARIOS PÚBLICOS Y TRABAJADORES OFICIALES DE LA EMPRESA DE VIVIENDA Y DESARROLLO URBANO Y RURAL DEL MUNICIPIO DE ENVIGADO - DESUR.,incidental,
V084,firm,Prestación de servicios,45000000,PRESTACIÓN DE SERVICIOS PARA LA GESTIÓN INTEGRAL DE LA ASIGNACIÓN DE CITAS INCLUYENDO EL SOFTWARE CHATBOT; PLATAFORMAS DIGITALES Y EL PERSONAL NECESARIO QUE PARA ELLO SE REQUIERA; PARA LA EMPRESA SOCIAL DEL ESTADO REGIÓN DE SALUD SOACHA Y SUS CENTROS Y PUESTOS DE SALUD.,ai_product_or_platform,
V007,firm,Otro,600000000,PRESTACIÓN DE SERVICIOS ESPECIALIZADOS PARA LA IMPLEMENTACIÓN DE INTELIGENCIA ARTIFICIAL EN EL CUBO DE DATOS DEL OBSERVATORIO DEPARTAMENTAL DE PREVENCIÓN Y CONTROL DE LA VIOLENCIA DEL VALLE DEL CAUCA.,ai_development_service,
V010,firm,Compraventa,279996899.98,Adquisición de equipos especializados destinados a la modernización y fortalecimiento del ambiente de formación STEM; incluyendo componentes para robótica TXT; aplicaciones de inteligencia artificial y robots industriales; con el fin de garantizar el desarrollo de competencias tecnológicas en el Centro Internacional de Producción Limpia Lope del SENA Regional Nariño.,incidental,STEM equipment; AI applications are one component.
V069,individual/other,Prestación de servicios,84000000,LICENCIAR E IMPLEMENTAR UNA PLATAFORMA CENTRALIZADA DE SEGURIDAD CIUDADANA CON INTELIGENCIA ARTIFICIAL Y CONTRATAR LOS SERVICIOS TECNOLÓGICOS ESPECIALIZADOS PARA SU OPERACIÓN; CON EL FIN DE FORTALECER LAS CAPACIDADES DE VIGILANCIA; PREVENCIÓN; ANÁLISIS Y RESPUESTA DE LAS AUTORIDADES DEL MUNICIPIO DE FILANDIA.,ai_product_or_platform,Platform licence is the stated object; supplier type is mixed.
V013,firm,Otro,131486220,RENOVACION DE LICENCIAS MICROSOFT 365 EMPRESARIAL Y SERVICIOS AZURE; PARA EL SISTEMA DE CORREO ELECTRÓNICO DE LA CONTRALORÍA GENERAL DE ANTIOQUIA.,cloud_or_software_nonAI,
V047,individual/other,Prestación de servicios,55330475,DCOC20 Prestar los servicios profesionales para realizar la administración; soporte y control de las diferentes plataformas de información y generar con inteligencia artificial opciones de mejora al proceso de contratación.,individual_professional_ai,
V075,individual/other,Prestación de servicios,73542500,DSEC561 Prestar sus servicios profesionales especializados a la Dirección Técnica de Seguridad para la ejecución; análisis; desarrollo; soporte y mantenimiento de aplicaciones; herramientas e infraestructura tecnológica; incluyendo el apoyo en el diseño; entrenamiento e integración de modelos de inteligencia artificial aplicados al Sistema Inteligente de Detección de Eventos de Seguridad y otros proyectos tecnológicos de la Entidad.,individual_professional_ai,
V008,individual/other,Prestación de servicios,16397600,"CONV_FONTUR_CENU_23_2024_DRA_TH_IINT Prestación de servicios de apoyo a la gestión para la
resolución y canalización de dudas presentadas por medio de los canales de atención del Centro de
soporte físico y Chatbot; durante las fases preoperativas y de ejecución del Censo Económico desarrollado en el marco del convenio de cooperación suscrito con el Fondo Nacional De Turismo -
FONTUR; además de apoyar la fase de invitación publica; entrenamiento y selección de personal para la
recolección de la",incidental,Support-channel work; chatbot is an existing channel.
V065,firm,Prestación de servicios,7436086,CONTRATAR LA SUSCRIPCIÓN DE [platform] TEAM PARA POTENCIAR LA COLABORACIÓN Y DESARROLLO DE PROYECTOS DE INTELIGENCIA ARTIFICIAL EN EL IGAC; PROPORCIONANDO ACCESO A HERRAMIENTAS AVANZADAS; GESTIÓN EFICIENTE DEL ESPACIO DE TRABAJO Y GARANTIZANDO LA SEGURIDAD DE LOS DATOS,ai_product_or_platform,
V028,firm,Prestación de servicios,132268500,Llevar a cabo la estrategia de implementación; uso y adopción de inteligencia artificial -IA-; para los entornos de funcionamiento y misionales; incluyendo la definición de retos de ciudad; en La Agencia Distrital para la Educación la Ciencia y la Tecnología - Atenea,unclear,AI adoption strategy; no specific system or platform identified.
V005,firm,Prestación de servicios,233035092,CONTRATAR LA DISPOSICIÓN DE LAS PLATAFORMAS AZURE Y MICROSOFT 365 BUSINESS PREMIUM Y SERVICIOS ASOCIADOS; JUNTO CON LAS RESPECTIVAS RENOVACIONES; CONFIGURACIONES; PARAMETRIZACIONES Y SOPORTE NECESARIO PARA SU PUESTA EN MARCHA Y ADECUADO APROVECHAMIENTO DE CONFORMIDAD CON EL PRESENTE DOCUMENTO,cloud_or_software_nonAI,
V012,firm,Compraventa,70180000,ADQUISICIÓN DE LICENCIAS DE DISEÑO E INTELIGENCIA ARTIFICIAL PARA EL CENTRO NAVAL PARA EL DESARROLLO DE LA EDUCACIÓN VIRTUAL-CENDOVA DE LA ARMADA NACIONAL,ai_product_or_platform,
V056,individual/other,Prestación de servicios,20250000,Contratar en nombre de la NACIÓN - CONSEJO SUPERIOR DE LA JUDICATURA - DIRECCIÓN EJECUTIVA SECCIONAL DE ADMINISTRACIÓN JUDICIAL DE TUNJA; la prestación de servicios de apoyo a la revisión y ajuste de expedientes digitalizados por los diferentes Despachos Judiciales para garantizar que se cumplan todos los requisitos técnicos y funcionales necesarios para la transición de los expedientes desde OneDrive; Azure; BestDoc; SharePoint o almacenamientos locales hacia el SGDE Alfresco.,cloud_or_software_nonAI,
V054,firm,Prestación de servicios,0,CONVENIO DE COOPERACION ENTRE EL MUNICIPIO DE GIRÓN Y CAMPUSLANDS S.A.S BIC; QUE BUSCA IMPLEMENTAR LA FORMACION Y CAPACITACIÓN DE PROGRAMAS TECNOLOGICOS DE ALTO NIVEL EN EL USO DE LA INTELIGENCIA ARTIFICIAL CON EL FIN DE CONVERTIR LA FORMACION EN EXPERIENCIA; INGRESOS Y PROYECCION PROFESIONAL PARA LOS JOVENES RESIDENTES DEL MUNICIPIO DE GIRÓN,incidental,
V009,individual/other,Prestación de servicios,54504000,DCC8 Prestar los servicios profesionales para realizar la administración; soporte y control de las diferentes plataformas de información y generar con inteligencia artificial opciones de mejora al proceso de contratación.,individual_professional_ai,
V031,individual/other,Prestación de servicios,77711200,Prestar servicios profesionales a la Dirección General de la Administradora de los Recursos del Sistema General de Seguridad Social en Salud - ADRES; en el apoyo para la aplicación de técnicas estadísticas; de ciencia de datos y de aprendizaje automático para estimar modelos descriptivos; predictivos y prescriptivos. ID-040-DGRAL.,individual_professional_ai,
V086,individual/other,Prestación de servicios,36000000,El CONTRATISTA se obliga a prestar a la ENTIDAD; con plena autonomía técnica y administrativa; los servicios profesionales especializados en el marco de las acciones y actividades a desarrollarse en la Hoja de Ruta para la adopción Ética y Sostenible de la Inteligencia Artificial en Colombia; así como llevar a cabo la exploración de la viabilidad técnica; operativa y comercial de iniciativas en Inteligencia; promover el intercambio de conocimientos; el desarrollo conjunto de capacidades y la con,individual_professional_ai,
V071,firm,Prestación de servicios,58348561,PROVEER EL DESARROLLO DE UN CHATBOT CON INTELIGENCIA ARTIFICIAL GENERATIVA Y SU CORRESPONDIENTE SOPORTE; CONFIGURACIÓN E INTEGRACIÓN A LA APLICACIÓN MÓVIL DENOMINADA CONCEJAPP; PARA LA ASESORÍA EN LÍNEA A LOS CONCEJALES DEL DEPARTAMENTO DE CUNDINAMARCA EN EL MARCO DEL PROGRAMA CONCEJALES Y EDILES A LA VANGUARDIA DE LA SECRETARÍA DE GOBIERNO Y SEGURIDAD CIUDADANA,ai_development_service,
V055,firm,Prestación de servicios,87802825,Contratar el soporte; mantenimiento y licenciamiento del Chatbot de la ESAP así como su integración con los sistemas requeridos por la entidad.,ai_product_or_platform,
V090,individual/other,Prestación de servicios,60550000,"PRESTACIÓN DE SERVICIOS PROFESIONALES EN EL ÁREA DE INFORMÁTICA Y
TELECOMUNICACIONES; ORIENTADOS A LA ADMINISTRACIÓN DE LA MESA DE
AYUDA Y DE LAS PLATAFORMAS MICROSOFT 365; AZURE ACTIVE DIRECTORY Y
AZURE MICROSOFT CLOUD SERVICES; ASÍ COMO A LA INTEGRACIÓN DE ESTAS
CON LAS DEMÁS PLATAFORMAS TECNOLÓGICAS DE LA ESCUELA TECNOLÓGICA
INSTITUTO TÉCNICO CENTRAL.",cloud_or_software_nonAI,
V073,individual/other,Prestación de servicios,20250000,Contratar en nombre de la NACIÓN - CONSEJO SUPERIOR DE LA JUDICATURA - DIRECCIÓN EJECUTIVA SECCIONAL DE ADMINISTRACIÓN JUDICIAL DE TUNJA; la prestación de servicios de apoyo a la revisión y ajuste de expedientes digitalizados por los diferentes Despachos Judiciales para garantizar que se cumplan todos los requisitos técnicos y funcionales necesarios para la transición de los expedientes desde OneDrive; Azure; BestDoc; SharePoint o almacenamientos locales hacia el SGDE Alfresco.,cloud_or_software_nonAI,
V016,firm,Suministros,131670000,RENOVACIÓN DE SESENTA (60) LICENCIAS Y ADQUISICIÓN DE TREINTA (30) LICENCIAS ADICIONALES DE OFFICE 365 PLAN E3 Y RENOVACIÓN DE UNA (1) LICENCIA DE MICROSOFT [platform] STUDIO; PARA LA EMPRESA DE VIVIENDA Y DESARROLLO URBANO Y RURAL DEL MUNICIPIO DE ENVIGADO - DESUR,ai_product_or_platform,Mixed licence package includes one [platform] Studio licence.
V029,firm,Otro,290700000,Prestar el servicio de análisis; identificación; clasificación; priorización y visualización de la comunicación de la ciudadanía a través de las redes sociales establecidas por la Secretaría General de la Alcaldía Mayor de Bogotá D.C.; mediante un software como servicio (software as a service) que utilice inteligencia artificial (algoritmos) y que permita identificar las publicaciones que requieran respuesta en los términos legales; como derechos de petición de interés general; particular (...),ai_product_or_platform,
V078,firm,Compraventa,876000000,ADQUISICIÓN DE LICENCIA DE UNA PLATAFORMA TIPO SAAS; SISTEMA CHATBOT Y COMPLEMENTOS DE SOFTWARE PARA EL MANEJO DE INFORMACIÓN DE LOS CICLOS DE VIDA DE LOS ESTUDIANTES (CVE) Y EGRESADOS DEL ITFIP,ai_product_or_platform,
V098,individual/other,Prestación de servicios,105814116.17,PRESTAR SERVICIOS PROFESIONALES ESPECIALIZADOS PARA LA GESTIÓN INTEGRAL; ADMINISTRACIÓN; OPERACIÓN; OPTIMIZACIÓN Y EVOLUCIÓN DE LA INFRAESTRUCTURA TECNOLÓGICA BASADA EN SERVICIOS DE COMPUTACIÓN EN LA NUBE DE MICROSOFT AZURE,cloud_or_software_nonAI,
V096,firm,Prestación de servicios,549425000.39,2025R-370 ADQUISICIÓN DEL LICENCIAMIENTO DE SOFTWARE DE LA PLATAFORMA TECNOLÓGICA DE INTELIGENCIA ARTIFICIAL (IA) POLIS COGNITIVA PARA FORTALECER EL MEJORAMIENTO DE LOS PROCEDIMIENTOS; TRÁMITES Y SERVICIOS DE LA ALCALDÍA DE CÚCUTA; OFICINA DE LAS TICS,ai_product_or_platform,
V091,firm,Prestación de servicios,150000000,Prestación de servicios profesionales para la implementación; diseño  y operación de ecosistema digital para el fortalecimiento institucional en la Subsecretaría de Ingresos del Distrito de Medellín; mediante la creación de microcursos virtuales;  asistente virtual con inteligencia artificial y tableros de analítica (BI); en el marco del convenio interadministrativo 4600104413 suscrito entre la Secretaría de Hacienda del Distrito y el Instituto Tecnológico Metropolitano  ITM.,ai_development_service,
V006,individual/other,Prestación de servicios,34200000,Prestación de servicios profesionales a la Subdirección de Sistemas de Información de Tierras para apoyar los desarrollos de innovación; utilizando ciencia de datos y machine learning; enfocados en la optimización y simplificación de procesos a través de avanzadas soluciones tecnológicas.,individual_professional_ai,
V018,firm,Prestación de servicios,407804400,PRESTAR SERVICIOS DE SOPORTE TÉCNICO; SUMINISTRO DE PÁGINA WEB E INTRANET; SUMINISTRO DE SERVICIO EN LA NUBE DE ATENCIÓN VIRTUAL CON INTELIGENCIA ARTIFICIAL; SUMINISTRO DE HOSTING PARA LAS SOLUCIONES NEXURA PLATFORM; SUMINISTRO DE PÁGINA WEB GFILES; HOSTING Y ALMACENAMIENTO REQUERIDO; SUMINISTRO DE DISEÑO DE CONTENIDOS DIGITALES; Y EL COMPONENTE DE BOLSA DE HORAS PARA DESARROLLOS; INTEROPERABILIDAD E INTEGRACIONES Y CAPACITACIONES; COMO PARTE DEL FORTALECIMIENTO DE LA ESTRATEGIA DE GOBIERNO DIGI,ai_product_or_platform,Mixed digital services include an AI virtual-attention service.
V038,individual/other,Prestación de servicios,13706000,PRESTAR LOS SERVICIOS DE APOYO A LA GESTIÓN PARA LA ENTREGA DE INFORMACIÓN HIDROMETEOROLÓGICA A LA CIUDADANÍA DE LAS SOLICITUDES ALLEGADAS POR EL SISTEMA DE GESTIÓN DOCUMENTAL DEL IDEAM Y ORIENTAR A LOS USUARIOS POR MEDIO DEL CHATBOT,incidental,Information delivery through an existing chatbot.
V097,individual/other,Prestación de servicios,4100000,Prestar servicios personales en desarrollo de modelos 3D; basados en prendas de vestir; los cuales serán integrados en el prototipo soportado en realidad aumentada e inteligencia artificial con el fin de comercializar prendas de vestir según lo exigido por el proyecto sennova de I+D+i SGPS 10879-2023; del Centro Industrial de Mantenimiento y Manufactura.,incidental,3D garment models for a broader AR/AI prototype; no AI work specified.
V019,firm,Decreto 092 de 2017,85836855,PRESTACIÓN DEL SERVICIO PARA LA IMPLEMENTACIÓN DE UN SISTEMA DE AGENDAMIENTO AUTOMÁTICO DEL PROCESO DE CITAS MÉDICAS; INCLUYENDO EL ALMACENAMIENTO DE DATOS Y ARCHIVOS EN LA NUBE; UTILIZANDO TECNOLOGÍAS AVANZADAS Y MECANISMOS DE INTELIGENCIA ARTIFICIAL; PARA FORTALECER LA ATENCIÓN A LOS USUARIOS DE LA ESE HUS,ai_development_service,
V076,individual/other,Prestación de servicios,20250000,Contratar en nombre de la NACIÓN - CONSEJO SUPERIOR DE LA JUDICATURA - DIRECCIÓN EJECUTIVA SECCIONAL DE ADMINISTRACIÓN JUDICIAL DE TUNJA; la prestación de servicios de apoyo a la revisión y ajuste de expedientes digitalizados por los diferentes Despachos Judiciales para garantizar que se cumplan todos los requisitos técnicos y funcionales necesarios para la transición de los expedientes desde OneDrive; Azure; BestDoc; SharePoint o almacenamientos locales hacia el SGDE Alfresco.,cloud_or_software_nonAI,
V040,firm,Prestación de servicios,22601529,Adquirir la suscripción de SOPORTE Y ACTUALIZACIÓN del Sistema de Información Chatbot para el Ministerio de Justicia y del Derecho.,ai_product_or_platform,
V036,individual/other,Prestación de servicios,17996000,PRESTAR SERVICIOS PROFESIONALES PARA APOYAR TÉCNICA Y METODOLÓGICAMENTE LA OPTIMIZACIÓN DE LOS INSTRUMENTOS DE PLANIFICACIÓN AMBIENTAL DE CORPORINOQUIA; MEDIANTE LA APLICACIÓN DE HERRAMIENTAS DE INTELIGENCIA ARTIFICIAL PARA EL ANÁLISIS; INTEGRACIÓN; SISTEMATIZACIÓN Y FORTALECIMIENTO DE LA INFORMACIÓN TÉCNICA REQUERIDA EN LA FORMULACIÓN; ACTUALIZACIÓN; SEGUIMIENTO Y EVALUACIÓN.,individual_professional_ai,
V053,individual/other,Otro,110000000,Consultoría individual como experto en infraestructura tecnológica para apoyar y brindar asistencia técnica a la Unidad Administrativa del Servicio Público de Empleo en el diseño; aprovisionamiento; configuración; administración y monitoreo de los servicios de la nube pública de MS Azure requeridos para los sistemas de información financiados en el marco del Programa para Fortalecer Políticas de Empleo,cloud_or_software_nonAI,
V044,firm,Otro,27070000,ARRENDAMIENTO DEL SERVICIO MICROSOFT AZURE PARA GARANTIZAR EL ALMACENAMIENTO Y PROTECCIÓN DE LA INFORMACIÓN EN LA NUBE; ASÍ COMO LA PRESTACIÓN DEL SERVICIO DE MANTENIMIENTO; ASISTENCIA Y SOPORTE DEL SOFTWARE Y HARDWARE DIGITURNO PARA LA OPTIMIZACIÓN DEL PROCESO DE ATENCIÓN PRESENCIAL AL USUARIO EN LA SEDE ADMINISTRATIVA DE LA EMPRESA PIEDECUESTANA DE SERVICIOS PÚBLICOS,cloud_or_software_nonAI,
V081,individual/other,Prestación de servicios,4500000,Contratar la prestación de servicios para la verificación de los expedientes digitalizados por la UT CSJ NX-DF en cuanto a calidad y cumplimiento de los requerimientos técnicos y funcionales definidos en el protocolo para la gestión de documentos electrónicos y que se encuentran cargados en Azure y Gestor Documental-BestDoc en los distritos de Tunja; Santa Rosa de Viterbo y Yopal.,cloud_or_software_nonAI,
V072,individual/other,Prestación de servicios,41608000,Prestar servicios profesionales en los grupos de trabajo de Evaluación y Monitoreo de la Actividad Volcánica e Investigación de la Actividad Volcánica; apoyando las actividades relacionadas con la integración de inteligencia artificial en las áreas de monitoreo volcánico teniendo en cuenta el volumen de datos y los diferentes parámetros que se miden orientados a una evaluación y análisis para la toma de decisiones; apoyar la implementación y mejoramiento del sistema automático de procesamiento p,individual_professional_ai,
V068,firm,Prestación de servicios,268838000,Desarrollar; implementar; entregar y poner en operación el ecosistema digital CALMA 2.0 de la Institución Universitaria Digital de Antioquia - IU Digital; basado en inteligencia artificial; analítica predictiva e interoperabilidad tecnológica; orientado al fortalecimiento de la permanencia estudiantil; la prevención psicosocial y la mitigación del riesgo de deserción estudiantil; con enfoque territorial; diferencial e inclusivo; en cumplimiento del CONVENIO ESPECIAL BID NÚMERO CO1.PCCNTR.9518707,ai_development_service,
V037,individual/other,Prestación de servicios,18723333,Prestar servicios de apoyo a la gestión para  diseñar y desarrollar el mecanismo de telecomunicación de un prototipo  basado en realidad aumentada e  inteligencia artificial para comercializar prendas de vestir según los exigido por el  proyecto de I+D+i SGPS 10879-2023,incidental,Telecommunications mechanism for a broader AR/AI prototype.
V041,firm,Prestación de servicios,124950000,Prestación de servicios de apoyo a la gestión para la implementación de un sistema automatizado de consulta en línea apoyado en inteligencia artificial para el Concejo Distrital de Medellín,ai_development_service,
V093,firm,Otro,229551311,Proveer una plataforma omnicanal de orquestación que incluya chatbot; tableros de control; permita pagos e integración de servicios distritales y facilite el escalamiento técnico de la plataforma Gobierno Abierto Bogotá para potenciar los pilares de transparencia; participación; colaboración y servicios,ai_product_or_platform,
V024,firm,Prestación de servicios,242557700,APOYO A LA UNIDAD DE INFRAESTRUCTURA TECNOLÓGICA EN EL SOPORTE DE LA PLATAFORMA TECNOLÓGICA DE LA ENTIDAD ONPREMISE Y EN LA NUBE DE AZURE,cloud_or_software_nonAI,
V059,individual/other,Prestación de servicios,3987246920,Contratar los servicios para la gestión integral de datos que incluya el análisis; diseño; desarrollo; implementación; puesta en producción; así como gobierno y arquitectura de información; utilizando herramientas tecnológicas que permitan realizar procesos de Analítica de Datos (descriptiva; predictiva y prescriptiva); Big Data e Inteligencia Artificial; en cumplimiento de las políticas y lineamientos establecidos por MinTIC y el sector,ai_development_service,AI implementation is in scope; supplier type does not establish an individual practitioner.
V063,firm,Otro,1098966705,DESARROLLAR ACTIVIDADES DE CIENCIA; TECNOLOGÍA E INNOVACIÓN ASOCIADAS A IMPLEMENTAR HERRAMIENTAS EN CIENCIA DE DATOS; INTELIGENCIA ARTIFICIAL E INNOVACIÓN TECNOLÓGICA PARA FORTALECER EL SISTEMA DE INFORMACIÓN DEL DAGRAN.,ai_development_service,
V046,firm,Prestación de servicios,333045882,Contratar los servicios de un equipo especializado en psicología y tecnología para el desarrollo y adaptación de modelos de inteligencia artificial mediante técnicas de fine-tuning; enfocados en la evaluación integral de competencias.,ai_development_service,
