table,regime,pi,variant,allocation,build,q,price,mode,W_shock,profit,G_shock,expected_investor
example,static,1,,none,none,1,5,incumbent,2,1,3,5
example,static,1,,financing_only,none,1,5,incumbent,2,1,3,2
example,static,1,,refusal_only,none,1,5,incumbent,2,1,3,5
example,static,1,,both,ex_ante,0,0,fallback,7/2,0,7/2,7/2
example,L>N,1,,none,none,1,5,incumbent,2,1,3,5
example,L>N,1,,financing_only,none,1,5,incumbent,2,1,3,2
example,L>N,1,,refusal_only,none,1,5,incumbent,2,1,3,5
example,L>N,1,,both,ex_ante,0,0,fallback,7/2,0,7/2,7/2
example,L>N,1/2,,none,none,1,5,incumbent,2,1,3,11/2
example,L>N,1/2,,financing_only,none,1,5,incumbent,2,1,3,4
example,L>N,1/2,,refusal_only,none,1,5,incumbent,2,1,3,11/2
example,L>N,1/2,,both,ex_ante,0,0,fallback,7/2,0,7/2,9/2
example,L>N,1/4,,none,none,1,5,incumbent,2,1,3,23/4
example,L>N,1/4,,financing_only,none,1,5,incumbent,2,1,3,5
example,L>N,1/4,,refusal_only,none,1,5,incumbent,2,1,3,23/4
example,L>N,1/4,,both,none,1,5,incumbent,2,1,3,5
example,L>N,1/5,,none,none,1,5,incumbent,2,1,3,29/5
example,L>N,1/5,,financing_only,none,1,5,incumbent,2,1,3,26/5
example,L>N,1/5,,refusal_only,none,1,5,incumbent,2,1,3,29/5
example,L>N,1/5,,both,none,1,5,incumbent,2,1,3,26/5
example,L<=N,1,,none,none,1,5,incumbent,2,1,3,5
example,L<=N,1,,financing_only,none,1,5,incumbent,2,1,3,2
example,L<=N,1,,refusal_only,none,1,5,incumbent,2,1,3,5
example,L<=N,1,,both,after_notice,0,0,fallback,7/2,0,7/2,7/2
example,L<=N,1/2,,none,none,1,5,incumbent,2,1,3,11/2
example,L<=N,1/2,,financing_only,none,1,5,incumbent,2,1,3,4
example,L<=N,1/2,,refusal_only,none,1,5,incumbent,2,1,3,11/2
example,L<=N,1/2,,both,after_notice,0,0,fallback,7/2,0,7/2,19/4
example,L<=N,1/4,,none,none,1,5,incumbent,2,1,3,23/4
example,L<=N,1/4,,financing_only,none,1,5,incumbent,2,1,3,5
example,L<=N,1/4,,refusal_only,none,1,5,incumbent,2,1,3,23/4
example,L<=N,1/4,,both,after_notice,0,0,fallback,7/2,0,7/2,43/8
example,L<=N,1/5,,none,none,1,5,incumbent,2,1,3,29/5
example,L<=N,1/5,,financing_only,none,1,5,incumbent,2,1,3,26/5
example,L<=N,1/5,,refusal_only,none,1,5,incumbent,2,1,3,29/5
example,L<=N,1/5,,both,after_notice,0,0,fallback,7/2,0,7/2,11/2
band_O1_3.25,static,1,,both,ex_ante,0,0,fallback,11/4,0,11/4,11/4
band_O1_3.25,L>N,1/2,,both,ex_ante,0,0,fallback,11/4,0,11/4,33/8
band_O1_3.25,L<=N,1/2,,both,none,1,17/4,incumbent,11/4,1/4,3,35/8
gap_variant,after_notice_only_partial,1,"N=30,L=30,theta=1",both,after_notice,0,0,fallback,7/2,0,7/2,7/2
gap_variant,after_notice_only_partial,1,"N=30,L=60,theta=67/73",both,after_notice,0,0,fallback,463/146,0,463/146,463/146
gap_variant,after_notice_only_partial,1,"N=30,L=120,theta=55/73",both,none,1,655/146,incumbent,367/146,71/146,3,367/146
gap_variant,after_notice_only_partial,1,"N=60,L=120,theta=61/73",both,none,1,607/146,incumbent,415/146,23/146,3,415/146
gap_variant,after_notice_only_partial,1,"N=30,L=240,theta=31/73",both,none,1,5,incumbent,2,1,3,2
keep_prior_terms,no_supplier_exit,1,p0=4,any_holder_of_the_right,none,0,4,incumbent,6,-2,4,
keep_prior_terms,supplier_may_exit_at_renewal,1,p0=4 (right held by agency; reduces to refusal),none,none,1,5,incumbent,2,1,3,5
